{"type": "FeatureCollection", "features": [{"type": "Feature", "properties": {"kind": "proposed", "species": "Cercis siliquastrum", "color": [31, 119, 180], "species_index": 0, "scientific": "Cercis siliquastrum", "common": "Judas tree", "crown_diameter_m": 5.0, "height_m": 4.0, "leaf_cycle": "deciduous", "shade_density": "medium", "crown_area_m2": 19.6, "cooling_score": 0.175, "known": true, "ecology": {"native_status": "native Mediterranean", "drought_heat_tolerance": 0.8, "biodiversity_value": 0.5, "pollinator_value": 0.75, "allergenicity": 0.25, "pest_disease_risk": 0.25, "longevity_years": 60, "growth_rate": "slow", "water_demand": "low", "maintenance_burden": "low", "carbon_sequestration": 0.35, "mycorrhizal_type": "AM", "invasive": false, "ecosystem_score": 0.575, "notes": "Mediterranean-native, bee-pollinated, small-stature (good under wires), low allergen and low input."}}, "geometry": {"type": "Point", "coordinates": [2.16629461, 41.38347748]}}, {"type": "Feature", "properties": {"kind": "proposed", "species": "Jacaranda mimosifolia", "color": [255, 127, 14], "species_index": 1, "scientific": "Jacaranda mimosifolia", "common": "Jacaranda", "crown_diameter_m": 7.0, "height_m": 10.0, "leaf_cycle": "deciduous", "shade_density": "medium", "crown_area_m2": 38.5, "cooling_score": 0.343, "known": true, "ecology": {"native_status": "exotic", "drought_heat_tolerance": 0.7, "biodiversity_value": 0.4, "pollinator_value": 0.7, "allergenicity": 0.4, "pest_disease_risk": 0.2, "longevity_years": 75, "growth_rate": "medium", "water_demand": "medium", "maintenance_burden": "medium", "carbon_sequestration": 0.55, "mycorrhizal_type": "AM", "invasive": false, "ecosystem_score": 0.3563, "notes": "Showy violet bloom attracts bees/butterflies; one of the lower-allergen members (OPALS 4); non-invasive."}}, "geometry": {"type": "Point", "coordinates": [2.16714748, 41.38296945]}}, {"type": "Feature", "properties": {"kind": "proposed", "species": "Celtis australis", "color": [44, 160, 44], "species_index": 2, "scientific": "Celtis australis", "common": "European hackberry", "crown_diameter_m": 7.0, "height_m": 18.0, "leaf_cycle": "deciduous", "shade_density": "dense", "crown_area_m2": 38.5, "cooling_score": 0.49, "known": true, "ecology": {"native_status": "native Mediterranean", "drought_heat_tolerance": 0.85, "biodiversity_value": 0.6, "pollinator_value": 0.35, "allergenicity": 0.8, "pest_disease_risk": 0.3, "longevity_years": 115, "growth_rate": "medium", "water_demand": "low", "maintenance_burden": "low", "carbon_sequestration": 0.8, "mycorrhizal_type": "AM", "invasive": false, "ecosystem_score": 0.5112, "notes": "Mediterranean-native, drought-hardy, long-lived, low input \u2014 a lead climate-resilient recommendation for Barcelona."}}, "geometry": {"type": "Point", "coordinates": [2.16798426, 41.38219248]}}, {"type": "Feature", "properties": {"kind": "proposed", "species": "Tipuana tipu", "color": [214, 39, 40], "species_index": 3, "scientific": "Tipuana tipu", "common": "Tipa", "crown_diameter_m": 10.0, "height_m": 18.0, "leaf_cycle": "deciduous", "shade_density": "dense", "crown_area_m2": 78.5, "cooling_score": 1.0, "known": true, "ecology": {"native_status": "exotic", "drought_heat_tolerance": 0.9, "biodiversity_value": 0.45, "pollinator_value": 0.8, "allergenicity": 0.3, "pest_disease_risk": 0.3, "longevity_years": 65, "growth_rate": "fast", "water_demand": "low", "maintenance_burden": "high", "carbon_sequestration": 0.75, "mycorrhizal_type": "AM", "invasive": false, "ecosystem_score": 0.4388, "notes": "Photosynthesis rises under heat/drought; strong bee forage. Surface roots lift pavement (high maintenance)."}}, "geometry": {"type": "Point", "coordinates": [2.167002, 41.38275306]}}, {"type": "Feature", "properties": {"kind": "proposed", "species": "Melia azedarach", "color": [148, 103, 189], "species_index": 4, "scientific": "Melia azedarach", "common": "Chinaberry", "crown_diameter_m": 7.0, "height_m": 10.0, "leaf_cycle": "deciduous", "shade_density": "medium", "crown_area_m2": 38.5, "cooling_score": 0.343, "known": true, "ecology": {"native_status": "naturalised", "drought_heat_tolerance": 0.9, "biodiversity_value": 0.4, "pollinator_value": 0.5, "allergenicity": 0.4, "pest_disease_risk": 0.25, "longevity_years": 40, "growth_rate": "fast", "water_demand": "low", "maintenance_burden": "high", "carbon_sequestration": 0.45, "mycorrhizal_type": "AM", "invasive": false, "ecosystem_score": 0.3575, "notes": "Very drought/pollution tolerant but short-lived, brittle, heavy toxic-drupe litter; weedy elsewhere (Catalan invasive status REQUIRES_VERIFICATION)."}}, "geometry": {"type": "Point", "coordinates": [2.16797037, 41.38312184]}}, {"type": "Feature", "properties": {"kind": "proposed", "species": "Magnolia grandiflora", "color": [140, 86, 75], "species_index": 5, "scientific": "Magnolia grandiflora", "common": "Southern magnolia", "crown_diameter_m": 5.0, "height_m": 10.0, "leaf_cycle": "evergreen", "shade_density": "dense", "crown_area_m2": 19.6, "cooling_score": 0.2125, "known": true, "ecology": {"native_status": "exotic", "drought_heat_tolerance": 0.55, "biodiversity_value": 0.3, "pollinator_value": 0.45, "allergenicity": 0.5, "pest_disease_risk": 0.15, "longevity_years": 100, "growth_rate": "slow", "water_demand": "medium", "maintenance_burden": "medium", "carbon_sequestration": 0.65, "mycorrhizal_type": "AM", "invasive": false, "ecosystem_score": 0.2625, "notes": "Least drought-adapted of the palette (needs moisture) \u2014 a poorer fit for a drying Barcelona without irrigation."}}, "geometry": {"type": "Point", "coordinates": [2.16757503, 41.3832969]}}, {"type": "Feature", "properties": {"kind": "proposed", "species": "Tipuana tipu", "color": [214, 39, 40], "species_index": 3, "scientific": "Tipuana tipu", "common": "Tipa", "crown_diameter_m": 10.0, "height_m": 18.0, "leaf_cycle": "deciduous", "shade_density": "dense", "crown_area_m2": 78.5, "cooling_score": 1.0, "known": true, "ecology": {"native_status": "exotic", "drought_heat_tolerance": 0.9, "biodiversity_value": 0.45, "pollinator_value": 0.8, "allergenicity": 0.3, "pest_disease_risk": 0.3, "longevity_years": 65, "growth_rate": "fast", "water_demand": "low", "maintenance_burden": "high", "carbon_sequestration": 0.75, "mycorrhizal_type": "AM", "invasive": false, "ecosystem_score": 0.4388, "notes": "Photosynthesis rises under heat/drought; strong bee forage. Surface roots lift pavement (high maintenance)."}}, "geometry": {"type": "Point", "coordinates": [2.1670777, 41.38217893]}}, {"type": "Feature", "properties": {"kind": "proposed", "species": "Magnolia grandiflora", "color": [140, 86, 75], "species_index": 5, "scientific": "Magnolia grandiflora", "common": "Southern magnolia", "crown_diameter_m": 5.0, "height_m": 10.0, "leaf_cycle": "evergreen", "shade_density": "dense", "crown_area_m2": 19.6, "cooling_score": 0.2125, "known": true, "ecology": {"native_status": "exotic", "drought_heat_tolerance": 0.55, "biodiversity_value": 0.3, "pollinator_value": 0.45, "allergenicity": 0.5, "pest_disease_risk": 0.15, "longevity_years": 100, "growth_rate": "slow", "water_demand": "medium", "maintenance_burden": "medium", "carbon_sequestration": 0.65, "mycorrhizal_type": "AM", "invasive": false, "ecosystem_score": 0.2625, "notes": "Least drought-adapted of the palette (needs moisture) \u2014 a poorer fit for a drying Barcelona without irrigation."}}, "geometry": {"type": "Point", "coordinates": [2.16787777, 41.38305924]}}, {"type": "Feature", "properties": {"kind": "proposed", "species": "Platanus x acerifolia", "color": [227, 119, 194], "species_index": 6, "scientific": "Platanus x acerifolia", "common": "London plane", "crown_diameter_m": 10.0, "height_m": 18.0, "leaf_cycle": "deciduous", "shade_density": "dense", "crown_area_m2": 78.5, "cooling_score": 1.0, "known": true, "ecology": {"native_status": "exotic (hybrid)", "drought_heat_tolerance": 0.75, "biodiversity_value": 0.35, "pollinator_value": 0.15, "allergenicity": 0.85, "pest_disease_risk": 0.85, "longevity_years": 115, "growth_rate": "fast", "water_demand": "medium", "maintenance_burden": "high", "carbon_sequestration": 0.9, "mycorrhizal_type": "AM", "invasive": false, "ecosystem_score": 0.1337, "notes": "Worst allergy+disease load of the palette (Corythucha ciliata + lethal Ceratocystis platani); Barcelona is phasing it down from ~30% toward ~12%."}}, "geometry": {"type": "Point", "coordinates": [2.16729505, 41.38342237]}}, {"type": "Feature", "properties": {"kind": "proposed", "species": "Magnolia grandiflora", "color": [140, 86, 75], "species_index": 5, "scientific": "Magnolia grandiflora", "common": "Southern magnolia", "crown_diameter_m": 5.0, "height_m": 10.0, "leaf_cycle": "evergreen", "shade_density": "dense", "crown_area_m2": 19.6, "cooling_score": 0.2125, "known": true, "ecology": {"native_status": "exotic", "drought_heat_tolerance": 0.55, "biodiversity_value": 0.3, "pollinator_value": 0.45, "allergenicity": 0.5, "pest_disease_risk": 0.15, "longevity_years": 100, "growth_rate": "slow", "water_demand": "medium", "maintenance_burden": "medium", "carbon_sequestration": 0.65, "mycorrhizal_type": "AM", "invasive": false, "ecosystem_score": 0.2625, "notes": "Least drought-adapted of the palette (needs moisture) \u2014 a poorer fit for a drying Barcelona without irrigation."}}, "geometry": {"type": "Point", "coordinates": [2.16631363, 41.38259209]}}, {"type": "Feature", "properties": {"kind": "proposed", "species": "Platanus x acerifolia", "color": [227, 119, 194], "species_index": 6, "scientific": "Platanus x acerifolia", "common": "London plane", "crown_diameter_m": 10.0, "height_m": 18.0, "leaf_cycle": "deciduous", "shade_density": "dense", "crown_area_m2": 78.5, "cooling_score": 1.0, "known": true, "ecology": {"native_status": "exotic (hybrid)", "drought_heat_tolerance": 0.75, "biodiversity_value": 0.35, "pollinator_value": 0.15, "allergenicity": 0.85, "pest_disease_risk": 0.85, "longevity_years": 115, "growth_rate": "fast", "water_demand": "medium", "maintenance_burden": "high", "carbon_sequestration": 0.9, "mycorrhizal_type": "AM", "invasive": false, "ecosystem_score": 0.1337, "notes": "Worst allergy+disease load of the palette (Corythucha ciliata + lethal Ceratocystis platani); Barcelona is phasing it down from ~30% toward ~12%."}}, "geometry": {"type": "Point", "coordinates": [2.1673797, 41.3834659]}}, {"type": "Feature", "properties": {"kind": "proposed", "species": "Cercis siliquastrum", "color": [31, 119, 180], "species_index": 0, "scientific": "Cercis siliquastrum", "common": "Judas tree", "crown_diameter_m": 5.0, "height_m": 4.0, "leaf_cycle": "deciduous", "shade_density": "medium", "crown_area_m2": 19.6, "cooling_score": 0.175, "known": true, "ecology": {"native_status": "native Mediterranean", "drought_heat_tolerance": 0.8, "biodiversity_value": 0.5, "pollinator_value": 0.75, "allergenicity": 0.25, "pest_disease_risk": 0.25, "longevity_years": 60, "growth_rate": "slow", "water_demand": "low", "maintenance_burden": "low", "carbon_sequestration": 0.35, "mycorrhizal_type": "AM", "invasive": false, "ecosystem_score": 0.575, "notes": "Mediterranean-native, bee-pollinated, small-stature (good under wires), low allergen and low input."}}, "geometry": {"type": "Point", "coordinates": [2.16678495, 41.38218719]}}, {"type": "Feature", "properties": {"kind": "proposed", "species": "Celtis australis", "color": [44, 160, 44], "species_index": 2, "scientific": "Celtis australis", "common": "European hackberry", "crown_diameter_m": 7.0, "height_m": 18.0, "leaf_cycle": "deciduous", "shade_density": "dense", "crown_area_m2": 38.5, "cooling_score": 0.49, "known": true, "ecology": {"native_status": "native Mediterranean", "drought_heat_tolerance": 0.85, "biodiversity_value": 0.6, "pollinator_value": 0.35, "allergenicity": 0.8, "pest_disease_risk": 0.3, "longevity_years": 115, "growth_rate": "medium", "water_demand": "low", "maintenance_burden": "low", "carbon_sequestration": 0.8, "mycorrhizal_type": "AM", "invasive": false, "ecosystem_score": 0.5112, "notes": "Mediterranean-native, drought-hardy, long-lived, low input \u2014 a lead climate-resilient recommendation for Barcelona."}}, "geometry": {"type": "Point", "coordinates": [2.1664089, 41.38250492]}}, {"type": "Feature", "properties": {"kind": "proposed", "species": "Cercis siliquastrum", "color": [31, 119, 180], "species_index": 0, "scientific": "Cercis siliquastrum", "common": "Judas tree", "crown_diameter_m": 5.0, "height_m": 4.0, "leaf_cycle": "deciduous", "shade_density": "medium", "crown_area_m2": 19.6, "cooling_score": 0.175, "known": true, "ecology": {"native_status": "native Mediterranean", "drought_heat_tolerance": 0.8, "biodiversity_value": 0.5, "pollinator_value": 0.75, "allergenicity": 0.25, "pest_disease_risk": 0.25, "longevity_years": 60, "growth_rate": "slow", "water_demand": "low", "maintenance_burden": "low", "carbon_sequestration": 0.35, "mycorrhizal_type": "AM", "invasive": false, "ecosystem_score": 0.575, "notes": "Mediterranean-native, bee-pollinated, small-stature (good under wires), low allergen and low input."}}, "geometry": {"type": "Point", "coordinates": [2.1660416, 41.3833982]}}, {"type": "Feature", "properties": {"kind": "proposed", "species": "Platanus x acerifolia", "color": [227, 119, 194], "species_index": 6, "scientific": "Platanus x acerifolia", "common": "London plane", "crown_diameter_m": 10.0, "height_m": 18.0, "leaf_cycle": "deciduous", "shade_density": "dense", "crown_area_m2": 78.5, "cooling_score": 1.0, "known": true, "ecology": {"native_status": "exotic (hybrid)", "drought_heat_tolerance": 0.75, "biodiversity_value": 0.35, "pollinator_value": 0.15, "allergenicity": 0.85, "pest_disease_risk": 0.85, "longevity_years": 115, "growth_rate": "fast", "water_demand": "medium", "maintenance_burden": "high", "carbon_sequestration": 0.9, "mycorrhizal_type": "AM", "invasive": false, "ecosystem_score": 0.1337, "notes": "Worst allergy+disease load of the palette (Corythucha ciliata + lethal Ceratocystis platani); Barcelona is phasing it down from ~30% toward ~12%."}}, "geometry": {"type": "Point", "coordinates": [2.16740079, 41.38295427]}}, {"type": "Feature", "properties": {"kind": "proposed", "species": "Jacaranda mimosifolia", "color": [255, 127, 14], "species_index": 1, "scientific": "Jacaranda mimosifolia", "common": "Jacaranda", "crown_diameter_m": 7.0, "height_m": 10.0, "leaf_cycle": "deciduous", "shade_density": "medium", "crown_area_m2": 38.5, "cooling_score": 0.343, "known": true, "ecology": {"native_status": "exotic", "drought_heat_tolerance": 0.7, "biodiversity_value": 0.4, "pollinator_value": 0.7, "allergenicity": 0.4, "pest_disease_risk": 0.2, "longevity_years": 75, "growth_rate": "medium", "water_demand": "medium", "maintenance_burden": "medium", "carbon_sequestration": 0.55, "mycorrhizal_type": "AM", "invasive": false, "ecosystem_score": 0.3563, "notes": "Showy violet bloom attracts bees/butterflies; one of the lower-allergen members (OPALS 4); non-invasive."}}, "geometry": {"type": "Point", "coordinates": [2.16630009, 41.38318154]}}, {"type": "Feature", "properties": {"kind": "proposed", "species": "Brachychiton populneus", "color": [127, 127, 127], "species_index": 7, "scientific": "Brachychiton populneus", "common": "Kurrajong", "crown_diameter_m": 5.0, "height_m": 10.0, "leaf_cycle": "evergreen", "shade_density": "medium", "crown_area_m2": 19.6, "cooling_score": 0.1487, "known": true, "ecology": {"native_status": "exotic", "drought_heat_tolerance": 0.95, "biodiversity_value": 0.35, "pollinator_value": 0.45, "allergenicity": 0.3, "pest_disease_risk": 0.2, "longevity_years": 80, "growth_rate": "slow", "water_demand": "low", "maintenance_burden": "low", "carbon_sequestration": 0.55, "mycorrhizal_type": "AM", "invasive": false, "ecosystem_score": 0.4625, "notes": "Best drought tolerance + lowest input of the palette (water-storing trunk); safe low-allergen non-invasive choice."}}, "geometry": {"type": "Point", "coordinates": [2.16645465, 41.38260091]}}, {"type": "Feature", "properties": {"kind": "proposed", "species": "Magnolia grandiflora", "color": [140, 86, 75], "species_index": 5, "scientific": "Magnolia grandiflora", "common": "Southern magnolia", "crown_diameter_m": 5.0, "height_m": 10.0, "leaf_cycle": "evergreen", "shade_density": "dense", "crown_area_m2": 19.6, "cooling_score": 0.2125, "known": true, "ecology": {"native_status": "exotic", "drought_heat_tolerance": 0.55, "biodiversity_value": 0.3, "pollinator_value": 0.45, "allergenicity": 0.5, "pest_disease_risk": 0.15, "longevity_years": 100, "growth_rate": "slow", "water_demand": "medium", "maintenance_burden": "medium", "carbon_sequestration": 0.65, "mycorrhizal_type": "AM", "invasive": false, "ecosystem_score": 0.2625, "notes": "Least drought-adapted of the palette (needs moisture) \u2014 a poorer fit for a drying Barcelona without irrigation."}}, "geometry": {"type": "Point", "coordinates": [2.1665505, 41.38227462]}}, {"type": "Feature", "properties": {"kind": "proposed", "species": "Tipuana tipu", "color": [214, 39, 40], "species_index": 3, "scientific": "Tipuana tipu", "common": "Tipa", "crown_diameter_m": 10.0, "height_m": 18.0, "leaf_cycle": "deciduous", "shade_density": "dense", "crown_area_m2": 78.5, "cooling_score": 1.0, "known": true, "ecology": {"native_status": "exotic", "drought_heat_tolerance": 0.9, "biodiversity_value": 0.45, "pollinator_value": 0.8, "allergenicity": 0.3, "pest_disease_risk": 0.3, "longevity_years": 65, "growth_rate": "fast", "water_demand": "low", "maintenance_burden": "high", "carbon_sequestration": 0.75, "mycorrhizal_type": "AM", "invasive": false, "ecosystem_score": 0.4388, "notes": "Photosynthesis rises under heat/drought; strong bee forage. Surface roots lift pavement (high maintenance)."}}, "geometry": {"type": "Point", "coordinates": [2.1678984, 41.38205225]}}, {"type": "Feature", "properties": {"kind": "proposed", "species": "Tipuana tipu", "color": [214, 39, 40], "species_index": 3, "scientific": "Tipuana tipu", "common": "Tipa", "crown_diameter_m": 10.0, "height_m": 18.0, "leaf_cycle": "deciduous", "shade_density": "dense", "crown_area_m2": 78.5, "cooling_score": 1.0, "known": true, "ecology": {"native_status": "exotic", "drought_heat_tolerance": 0.9, "biodiversity_value": 0.45, "pollinator_value": 0.8, "allergenicity": 0.3, "pest_disease_risk": 0.3, "longevity_years": 65, "growth_rate": "fast", "water_demand": "low", "maintenance_burden": "high", "carbon_sequestration": 0.75, "mycorrhizal_type": "AM", "invasive": false, "ecosystem_score": 0.4388, "notes": "Photosynthesis rises under heat/drought; strong bee forage. Surface roots lift pavement (high maintenance)."}}, "geometry": {"type": "Point", "coordinates": [2.16703976, 41.38204263]}}, {"type": "Feature", "properties": {"kind": "proposed", "species": "Brachychiton populneus", "color": [127, 127, 127], "species_index": 7, "scientific": "Brachychiton populneus", "common": "Kurrajong", "crown_diameter_m": 5.0, "height_m": 10.0, "leaf_cycle": "evergreen", "shade_density": "medium", "crown_area_m2": 19.6, "cooling_score": 0.1487, "known": true, "ecology": {"native_status": "exotic", "drought_heat_tolerance": 0.95, "biodiversity_value": 0.35, "pollinator_value": 0.45, "allergenicity": 0.3, "pest_disease_risk": 0.2, "longevity_years": 80, "growth_rate": "slow", "water_demand": "low", "maintenance_burden": "low", "carbon_sequestration": 0.55, "mycorrhizal_type": "AM", "invasive": false, "ecosystem_score": 0.4625, "notes": "Best drought tolerance + lowest input of the palette (water-storing trunk); safe low-allergen non-invasive choice."}}, "geometry": {"type": "Point", "coordinates": [2.16699372, 41.38275322]}}, {"type": "Feature", "properties": {"kind": "proposed", "species": "Tipuana tipu", "color": [214, 39, 40], "species_index": 3, "scientific": "Tipuana tipu", "common": "Tipa", "crown_diameter_m": 10.0, "height_m": 18.0, "leaf_cycle": "deciduous", "shade_density": "dense", "crown_area_m2": 78.5, "cooling_score": 1.0, "known": true, "ecology": {"native_status": "exotic", "drought_heat_tolerance": 0.9, "biodiversity_value": 0.45, "pollinator_value": 0.8, "allergenicity": 0.3, "pest_disease_risk": 0.3, "longevity_years": 65, "growth_rate": "fast", "water_demand": "low", "maintenance_burden": "high", "carbon_sequestration": 0.75, "mycorrhizal_type": "AM", "invasive": false, "ecosystem_score": 0.4388, "notes": "Photosynthesis rises under heat/drought; strong bee forage. Surface roots lift pavement (high maintenance)."}}, "geometry": {"type": "Point", "coordinates": [2.16664693, 41.38301967]}}, {"type": "Feature", "properties": {"kind": "proposed", "species": "Brachychiton populneus", "color": [127, 127, 127], "species_index": 7, "scientific": "Brachychiton populneus", "common": "Kurrajong", "crown_diameter_m": 5.0, "height_m": 10.0, "leaf_cycle": "evergreen", "shade_density": "medium", "crown_area_m2": 19.6, "cooling_score": 0.1487, "known": true, "ecology": {"native_status": "exotic", "drought_heat_tolerance": 0.95, "biodiversity_value": 0.35, "pollinator_value": 0.45, "allergenicity": 0.3, "pest_disease_risk": 0.2, "longevity_years": 80, "growth_rate": "slow", "water_demand": "low", "maintenance_burden": "low", "carbon_sequestration": 0.55, "mycorrhizal_type": "AM", "invasive": false, "ecosystem_score": 0.4625, "notes": "Best drought tolerance + lowest input of the palette (water-storing trunk); safe low-allergen non-invasive choice."}}, "geometry": {"type": "Point", "coordinates": [2.16675271, 41.38311881]}}, {"type": "Feature", "properties": {"kind": "proposed", "species": "Celtis australis", "color": [44, 160, 44], "species_index": 2, "scientific": "Celtis australis", "common": "European hackberry", "crown_diameter_m": 7.0, "height_m": 18.0, "leaf_cycle": "deciduous", "shade_density": "dense", "crown_area_m2": 38.5, "cooling_score": 0.49, "known": true, "ecology": {"native_status": "native Mediterranean", "drought_heat_tolerance": 0.85, "biodiversity_value": 0.6, "pollinator_value": 0.35, "allergenicity": 0.8, "pest_disease_risk": 0.3, "longevity_years": 115, "growth_rate": "medium", "water_demand": "low", "maintenance_burden": "low", "carbon_sequestration": 0.8, "mycorrhizal_type": "AM", "invasive": false, "ecosystem_score": 0.5112, "notes": "Mediterranean-native, drought-hardy, long-lived, low input \u2014 a lead climate-resilient recommendation for Barcelona."}}, "geometry": {"type": "Point", "coordinates": [2.16698332, 41.38339929]}}, {"type": "Feature", "properties": {"kind": "proposed", "species": "Styphnolobium japonicum", "color": [188, 189, 34], "species_index": 8, "scientific": "Styphnolobium japonicum", "common": "Japanese pagoda tree", "crown_diameter_m": 7.0, "height_m": 10.0, "leaf_cycle": "deciduous", "shade_density": "medium", "crown_area_m2": 38.5, "cooling_score": 0.343, "known": true, "ecology": {"native_status": "exotic", "drought_heat_tolerance": 0.8, "biodiversity_value": 0.55, "pollinator_value": 0.85, "allergenicity": 0.3, "pest_disease_risk": 0.25, "longevity_years": 75, "growth_rate": "medium", "water_demand": "low", "maintenance_burden": "medium", "carbon_sequestration": 0.55, "mycorrhizal_type": "AM", "invasive": false, "ecosystem_score": 0.4912, "notes": "Heavy late-summer bee forage (Fabaceae, N-fixing); non-invasive. Allergenicity low but REQUIRES_VERIFICATION (not in OPALS subset)."}}, "geometry": {"type": "Point", "coordinates": [2.16719493, 41.38231051]}}, {"type": "Feature", "properties": {"kind": "proposed", "species": "Melia azedarach", "color": [148, 103, 189], "species_index": 4, "scientific": "Melia azedarach", "common": "Chinaberry", "crown_diameter_m": 7.0, "height_m": 10.0, "leaf_cycle": "deciduous", "shade_density": "medium", "crown_area_m2": 38.5, "cooling_score": 0.343, "known": true, "ecology": {"native_status": "naturalised", "drought_heat_tolerance": 0.9, "biodiversity_value": 0.4, "pollinator_value": 0.5, "allergenicity": 0.4, "pest_disease_risk": 0.25, "longevity_years": 40, "growth_rate": "fast", "water_demand": "low", "maintenance_burden": "high", "carbon_sequestration": 0.45, "mycorrhizal_type": "AM", "invasive": false, "ecosystem_score": 0.3575, "notes": "Very drought/pollution tolerant but short-lived, brittle, heavy toxic-drupe litter; weedy elsewhere (Catalan invasive status REQUIRES_VERIFICATION)."}}, "geometry": {"type": "Point", "coordinates": [2.16647374, 41.38224328]}}, {"type": "Feature", "properties": {"kind": "proposed", "species": "Melia azedarach", "color": [148, 103, 189], "species_index": 4, "scientific": "Melia azedarach", "common": "Chinaberry", "crown_diameter_m": 7.0, "height_m": 10.0, "leaf_cycle": "deciduous", "shade_density": "medium", "crown_area_m2": 38.5, "cooling_score": 0.343, "known": true, "ecology": {"native_status": "naturalised", "drought_heat_tolerance": 0.9, "biodiversity_value": 0.4, "pollinator_value": 0.5, "allergenicity": 0.4, "pest_disease_risk": 0.25, "longevity_years": 40, "growth_rate": "fast", "water_demand": "low", "maintenance_burden": "high", "carbon_sequestration": 0.45, "mycorrhizal_type": "AM", "invasive": false, "ecosystem_score": 0.3575, "notes": "Very drought/pollution tolerant but short-lived, brittle, heavy toxic-drupe litter; weedy elsewhere (Catalan invasive status REQUIRES_VERIFICATION)."}}, "geometry": {"type": "Point", "coordinates": [2.16652676, 41.38220533]}}, {"type": "Feature", "properties": {"kind": "proposed", "species": "Styphnolobium japonicum", "color": [188, 189, 34], "species_index": 8, "scientific": "Styphnolobium japonicum", "common": "Japanese pagoda tree", "crown_diameter_m": 7.0, "height_m": 10.0, "leaf_cycle": "deciduous", "shade_density": "medium", "crown_area_m2": 38.5, "cooling_score": 0.343, "known": true, "ecology": {"native_status": "exotic", "drought_heat_tolerance": 0.8, "biodiversity_value": 0.55, "pollinator_value": 0.85, "allergenicity": 0.3, "pest_disease_risk": 0.25, "longevity_years": 75, "growth_rate": "medium", "water_demand": "low", "maintenance_burden": "medium", "carbon_sequestration": 0.55, "mycorrhizal_type": "AM", "invasive": false, "ecosystem_score": 0.4912, "notes": "Heavy late-summer bee forage (Fabaceae, N-fixing); non-invasive. Allergenicity low but REQUIRES_VERIFICATION (not in OPALS subset)."}}, "geometry": {"type": "Point", "coordinates": [2.16707254, 41.38256633]}}, {"type": "Feature", "properties": {"kind": "proposed", "species": "Platanus x acerifolia", "color": [227, 119, 194], "species_index": 6, "scientific": "Platanus x acerifolia", "common": "London plane", "crown_diameter_m": 10.0, "height_m": 18.0, "leaf_cycle": "deciduous", "shade_density": "dense", "crown_area_m2": 78.5, "cooling_score": 1.0, "known": true, "ecology": {"native_status": "exotic (hybrid)", "drought_heat_tolerance": 0.75, "biodiversity_value": 0.35, "pollinator_value": 0.15, "allergenicity": 0.85, "pest_disease_risk": 0.85, "longevity_years": 115, "growth_rate": "fast", "water_demand": "medium", "maintenance_burden": "high", "carbon_sequestration": 0.9, "mycorrhizal_type": "AM", "invasive": false, "ecosystem_score": 0.1337, "notes": "Worst allergy+disease load of the palette (Corythucha ciliata + lethal Ceratocystis platani); Barcelona is phasing it down from ~30% toward ~12%."}}, "geometry": {"type": "Point", "coordinates": [2.16697149, 41.3827368]}}, {"type": "Feature", "properties": {"kind": "proposed", "species": "Brachychiton populneus", "color": [127, 127, 127], "species_index": 7, "scientific": "Brachychiton populneus", "common": "Kurrajong", "crown_diameter_m": 5.0, "height_m": 10.0, "leaf_cycle": "evergreen", "shade_density": "medium", "crown_area_m2": 19.6, "cooling_score": 0.1487, "known": true, "ecology": {"native_status": "exotic", "drought_heat_tolerance": 0.95, "biodiversity_value": 0.35, "pollinator_value": 0.45, "allergenicity": 0.3, "pest_disease_risk": 0.2, "longevity_years": 80, "growth_rate": "slow", "water_demand": "low", "maintenance_burden": "low", "carbon_sequestration": 0.55, "mycorrhizal_type": "AM", "invasive": false, "ecosystem_score": 0.4625, "notes": "Best drought tolerance + lowest input of the palette (water-storing trunk); safe low-allergen non-invasive choice."}}, "geometry": {"type": "Point", "coordinates": [2.1672245, 41.38334676]}}, {"type": "Feature", "properties": {"kind": "proposed", "species": "Tipuana tipu", "color": [214, 39, 40], "species_index": 3, "scientific": "Tipuana tipu", "common": "Tipa", "crown_diameter_m": 10.0, "height_m": 18.0, "leaf_cycle": "deciduous", "shade_density": "dense", "crown_area_m2": 78.5, "cooling_score": 1.0, "known": true, "ecology": {"native_status": "exotic", "drought_heat_tolerance": 0.9, "biodiversity_value": 0.45, "pollinator_value": 0.8, "allergenicity": 0.3, "pest_disease_risk": 0.3, "longevity_years": 65, "growth_rate": "fast", "water_demand": "low", "maintenance_burden": "high", "carbon_sequestration": 0.75, "mycorrhizal_type": "AM", "invasive": false, "ecosystem_score": 0.4388, "notes": "Photosynthesis rises under heat/drought; strong bee forage. Surface roots lift pavement (high maintenance)."}}, "geometry": {"type": "Point", "coordinates": [2.16698608, 41.38275942]}}, {"type": "Feature", "properties": {"kind": "proposed", "species": "Jacaranda mimosifolia", "color": [255, 127, 14], "species_index": 1, "scientific": "Jacaranda mimosifolia", "common": "Jacaranda", "crown_diameter_m": 7.0, "height_m": 10.0, "leaf_cycle": "deciduous", "shade_density": "medium", "crown_area_m2": 38.5, "cooling_score": 0.343, "known": true, "ecology": {"native_status": "exotic", "drought_heat_tolerance": 0.7, "biodiversity_value": 0.4, "pollinator_value": 0.7, "allergenicity": 0.4, "pest_disease_risk": 0.2, "longevity_years": 75, "growth_rate": "medium", "water_demand": "medium", "maintenance_burden": "medium", "carbon_sequestration": 0.55, "mycorrhizal_type": "AM", "invasive": false, "ecosystem_score": 0.3563, "notes": "Showy violet bloom attracts bees/butterflies; one of the lower-allergen members (OPALS 4); non-invasive."}}, "geometry": {"type": "Point", "coordinates": [2.16658695, 41.38207153]}}, {"type": "Feature", "properties": {"kind": "proposed", "species": "Celtis australis", "color": [44, 160, 44], "species_index": 2, "scientific": "Celtis australis", "common": "European hackberry", "crown_diameter_m": 7.0, "height_m": 18.0, "leaf_cycle": "deciduous", "shade_density": "dense", "crown_area_m2": 38.5, "cooling_score": 0.49, "known": true, "ecology": {"native_status": "native Mediterranean", "drought_heat_tolerance": 0.85, "biodiversity_value": 0.6, "pollinator_value": 0.35, "allergenicity": 0.8, "pest_disease_risk": 0.3, "longevity_years": 115, "growth_rate": "medium", "water_demand": "low", "maintenance_burden": "low", "carbon_sequestration": 0.8, "mycorrhizal_type": "AM", "invasive": false, "ecosystem_score": 0.5112, "notes": "Mediterranean-native, drought-hardy, long-lived, low input \u2014 a lead climate-resilient recommendation for Barcelona."}}, "geometry": {"type": "Point", "coordinates": [2.16717874, 41.38302321]}}, {"type": "Feature", "properties": {"kind": "proposed", "species": "Styphnolobium japonicum", "color": [188, 189, 34], "species_index": 8, "scientific": "Styphnolobium japonicum", "common": "Japanese pagoda tree", "crown_diameter_m": 7.0, "height_m": 10.0, "leaf_cycle": "deciduous", "shade_density": "medium", "crown_area_m2": 38.5, "cooling_score": 0.343, "known": true, "ecology": {"native_status": "exotic", "drought_heat_tolerance": 0.8, "biodiversity_value": 0.55, "pollinator_value": 0.85, "allergenicity": 0.3, "pest_disease_risk": 0.25, "longevity_years": 75, "growth_rate": "medium", "water_demand": "low", "maintenance_burden": "medium", "carbon_sequestration": 0.55, "mycorrhizal_type": "AM", "invasive": false, "ecosystem_score": 0.4912, "notes": "Heavy late-summer bee forage (Fabaceae, N-fixing); non-invasive. Allergenicity low but REQUIRES_VERIFICATION (not in OPALS subset)."}}, "geometry": {"type": "Point", "coordinates": [2.16621777, 41.38231402]}}, {"type": "Feature", "properties": {"kind": "proposed", "species": "Brachychiton populneus", "color": [127, 127, 127], "species_index": 7, "scientific": "Brachychiton populneus", "common": "Kurrajong", "crown_diameter_m": 5.0, "height_m": 10.0, "leaf_cycle": "evergreen", "shade_density": "medium", "crown_area_m2": 19.6, "cooling_score": 0.1487, "known": true, "ecology": {"native_status": "exotic", "drought_heat_tolerance": 0.95, "biodiversity_value": 0.35, "pollinator_value": 0.45, "allergenicity": 0.3, "pest_disease_risk": 0.2, "longevity_years": 80, "growth_rate": "slow", "water_demand": "low", "maintenance_burden": "low", "carbon_sequestration": 0.55, "mycorrhizal_type": "AM", "invasive": false, "ecosystem_score": 0.4625, "notes": "Best drought tolerance + lowest input of the palette (water-storing trunk); safe low-allergen non-invasive choice."}}, "geometry": {"type": "Point", "coordinates": [2.16606044, 41.38327067]}}, {"type": "Feature", "properties": {"kind": "proposed", "species": "Celtis australis", "color": [44, 160, 44], "species_index": 2, "scientific": "Celtis australis", "common": "European hackberry", "crown_diameter_m": 7.0, "height_m": 18.0, "leaf_cycle": "deciduous", "shade_density": "dense", "crown_area_m2": 38.5, "cooling_score": 0.49, "known": true, "ecology": {"native_status": "native Mediterranean", "drought_heat_tolerance": 0.85, "biodiversity_value": 0.6, "pollinator_value": 0.35, "allergenicity": 0.8, "pest_disease_risk": 0.3, "longevity_years": 115, "growth_rate": "medium", "water_demand": "low", "maintenance_burden": "low", "carbon_sequestration": 0.8, "mycorrhizal_type": "AM", "invasive": false, "ecosystem_score": 0.5112, "notes": "Mediterranean-native, drought-hardy, long-lived, low input \u2014 a lead climate-resilient recommendation for Barcelona."}}, "geometry": {"type": "Point", "coordinates": [2.16637137, 41.38306384]}}, {"type": "Feature", "properties": {"kind": "proposed", "species": "Jacaranda mimosifolia", "color": [255, 127, 14], "species_index": 1, "scientific": "Jacaranda mimosifolia", "common": "Jacaranda", "crown_diameter_m": 7.0, "height_m": 10.0, "leaf_cycle": "deciduous", "shade_density": "medium", "crown_area_m2": 38.5, "cooling_score": 0.343, "known": true, "ecology": {"native_status": "exotic", "drought_heat_tolerance": 0.7, "biodiversity_value": 0.4, "pollinator_value": 0.7, "allergenicity": 0.4, "pest_disease_risk": 0.2, "longevity_years": 75, "growth_rate": "medium", "water_demand": "medium", "maintenance_burden": "medium", "carbon_sequestration": 0.55, "mycorrhizal_type": "AM", "invasive": false, "ecosystem_score": 0.3563, "notes": "Showy violet bloom attracts bees/butterflies; one of the lower-allergen members (OPALS 4); non-invasive."}}, "geometry": {"type": "Point", "coordinates": [2.16682307, 41.38238037]}}, {"type": "Feature", "properties": {"kind": "proposed", "species": "Styphnolobium japonicum", "color": [188, 189, 34], "species_index": 8, "scientific": "Styphnolobium japonicum", "common": "Japanese pagoda tree", "crown_diameter_m": 7.0, "height_m": 10.0, "leaf_cycle": "deciduous", "shade_density": "medium", "crown_area_m2": 38.5, "cooling_score": 0.343, "known": true, "ecology": {"native_status": "exotic", "drought_heat_tolerance": 0.8, "biodiversity_value": 0.55, "pollinator_value": 0.85, "allergenicity": 0.3, "pest_disease_risk": 0.25, "longevity_years": 75, "growth_rate": "medium", "water_demand": "low", "maintenance_burden": "medium", "carbon_sequestration": 0.55, "mycorrhizal_type": "AM", "invasive": false, "ecosystem_score": 0.4912, "notes": "Heavy late-summer bee forage (Fabaceae, N-fixing); non-invasive. Allergenicity low but REQUIRES_VERIFICATION (not in OPALS subset)."}}, "geometry": {"type": "Point", "coordinates": [2.16675581, 41.38292497]}}, {"type": "Feature", "properties": {"kind": "proposed", "species": "Magnolia grandiflora", "color": [140, 86, 75], "species_index": 5, "scientific": "Magnolia grandiflora", "common": "Southern magnolia", "crown_diameter_m": 5.0, "height_m": 10.0, "leaf_cycle": "evergreen", "shade_density": "dense", "crown_area_m2": 19.6, "cooling_score": 0.2125, "known": true, "ecology": {"native_status": "exotic", "drought_heat_tolerance": 0.55, "biodiversity_value": 0.3, "pollinator_value": 0.45, "allergenicity": 0.5, "pest_disease_risk": 0.15, "longevity_years": 100, "growth_rate": "slow", "water_demand": "medium", "maintenance_burden": "medium", "carbon_sequestration": 0.65, "mycorrhizal_type": "AM", "invasive": false, "ecosystem_score": 0.2625, "notes": "Least drought-adapted of the palette (needs moisture) \u2014 a poorer fit for a drying Barcelona without irrigation."}}, "geometry": {"type": "Point", "coordinates": [2.16640062, 41.38262676]}}, {"type": "Feature", "properties": {"kind": "proposed", "species": "Tipuana tipu", "color": [214, 39, 40], "species_index": 3, "scientific": "Tipuana tipu", "common": "Tipa", "crown_diameter_m": 10.0, "height_m": 18.0, "leaf_cycle": "deciduous", "shade_density": "dense", "crown_area_m2": 78.5, "cooling_score": 1.0, "known": true, "ecology": {"native_status": "exotic", "drought_heat_tolerance": 0.9, "biodiversity_value": 0.45, "pollinator_value": 0.8, "allergenicity": 0.3, "pest_disease_risk": 0.3, "longevity_years": 65, "growth_rate": "fast", "water_demand": "low", "maintenance_burden": "high", "carbon_sequestration": 0.75, "mycorrhizal_type": "AM", "invasive": false, "ecosystem_score": 0.4388, "notes": "Photosynthesis rises under heat/drought; strong bee forage. Surface roots lift pavement (high maintenance)."}}, "geometry": {"type": "Point", "coordinates": [2.16798917, 41.38257158]}}, {"type": "Feature", "properties": {"kind": "proposed", "species": "Magnolia grandiflora", "color": [140, 86, 75], "species_index": 5, "scientific": "Magnolia grandiflora", "common": "Southern magnolia", "crown_diameter_m": 5.0, "height_m": 10.0, "leaf_cycle": "evergreen", "shade_density": "dense", "crown_area_m2": 19.6, "cooling_score": 0.2125, "known": true, "ecology": {"native_status": "exotic", "drought_heat_tolerance": 0.55, "biodiversity_value": 0.3, "pollinator_value": 0.45, "allergenicity": 0.5, "pest_disease_risk": 0.15, "longevity_years": 100, "growth_rate": "slow", "water_demand": "medium", "maintenance_burden": "medium", "carbon_sequestration": 0.65, "mycorrhizal_type": "AM", "invasive": false, "ecosystem_score": 0.2625, "notes": "Least drought-adapted of the palette (needs moisture) \u2014 a poorer fit for a drying Barcelona without irrigation."}}, "geometry": {"type": "Point", "coordinates": [2.16699131, 41.38202682]}}, {"type": "Feature", "properties": {"kind": "proposed", "species": "Magnolia grandiflora", "color": [140, 86, 75], "species_index": 5, "scientific": "Magnolia grandiflora", "common": "Southern magnolia", "crown_diameter_m": 5.0, "height_m": 10.0, "leaf_cycle": "evergreen", "shade_density": "dense", "crown_area_m2": 19.6, "cooling_score": 0.2125, "known": true, "ecology": {"native_status": "exotic", "drought_heat_tolerance": 0.55, "biodiversity_value": 0.3, "pollinator_value": 0.45, "allergenicity": 0.5, "pest_disease_risk": 0.15, "longevity_years": 100, "growth_rate": "slow", "water_demand": "medium", "maintenance_burden": "medium", "carbon_sequestration": 0.65, "mycorrhizal_type": "AM", "invasive": false, "ecosystem_score": 0.2625, "notes": "Least drought-adapted of the palette (needs moisture) \u2014 a poorer fit for a drying Barcelona without irrigation."}}, "geometry": {"type": "Point", "coordinates": [2.16664422, 41.38262964]}}, {"type": "Feature", "properties": {"kind": "proposed", "species": "Styphnolobium japonicum", "color": [188, 189, 34], "species_index": 8, "scientific": "Styphnolobium japonicum", "common": "Japanese pagoda tree", "crown_diameter_m": 7.0, "height_m": 10.0, "leaf_cycle": "deciduous", "shade_density": "medium", "crown_area_m2": 38.5, "cooling_score": 0.343, "known": true, "ecology": {"native_status": "exotic", "drought_heat_tolerance": 0.8, "biodiversity_value": 0.55, "pollinator_value": 0.85, "allergenicity": 0.3, "pest_disease_risk": 0.25, "longevity_years": 75, "growth_rate": "medium", "water_demand": "low", "maintenance_burden": "medium", "carbon_sequestration": 0.55, "mycorrhizal_type": "AM", "invasive": false, "ecosystem_score": 0.4912, "notes": "Heavy late-summer bee forage (Fabaceae, N-fixing); non-invasive. Allergenicity low but REQUIRES_VERIFICATION (not in OPALS subset)."}}, "geometry": {"type": "Point", "coordinates": [2.16603189, 41.38219541]}}, {"type": "Feature", "properties": {"kind": "proposed", "species": "Tipuana tipu", "color": [214, 39, 40], "species_index": 3, "scientific": "Tipuana tipu", "common": "Tipa", "crown_diameter_m": 10.0, "height_m": 18.0, "leaf_cycle": "deciduous", "shade_density": "dense", "crown_area_m2": 78.5, "cooling_score": 1.0, "known": true, "ecology": {"native_status": "exotic", "drought_heat_tolerance": 0.9, "biodiversity_value": 0.45, "pollinator_value": 0.8, "allergenicity": 0.3, "pest_disease_risk": 0.3, "longevity_years": 65, "growth_rate": "fast", "water_demand": "low", "maintenance_burden": "high", "carbon_sequestration": 0.75, "mycorrhizal_type": "AM", "invasive": false, "ecosystem_score": 0.4388, "notes": "Photosynthesis rises under heat/drought; strong bee forage. Surface roots lift pavement (high maintenance)."}}, "geometry": {"type": "Point", "coordinates": [2.16657431, 41.38237118]}}, {"type": "Feature", "properties": {"kind": "proposed", "species": "Celtis australis", "color": [44, 160, 44], "species_index": 2, "scientific": "Celtis australis", "common": "European hackberry", "crown_diameter_m": 7.0, "height_m": 18.0, "leaf_cycle": "deciduous", "shade_density": "dense", "crown_area_m2": 38.5, "cooling_score": 0.49, "known": true, "ecology": {"native_status": "native Mediterranean", "drought_heat_tolerance": 0.85, "biodiversity_value": 0.6, "pollinator_value": 0.35, "allergenicity": 0.8, "pest_disease_risk": 0.3, "longevity_years": 115, "growth_rate": "medium", "water_demand": "low", "maintenance_burden": "low", "carbon_sequestration": 0.8, "mycorrhizal_type": "AM", "invasive": false, "ecosystem_score": 0.5112, "notes": "Mediterranean-native, drought-hardy, long-lived, low input \u2014 a lead climate-resilient recommendation for Barcelona."}}, "geometry": {"type": "Point", "coordinates": [2.16795189, 41.38206667]}}, {"type": "Feature", "properties": {"kind": "proposed", "species": "Tipuana tipu", "color": [214, 39, 40], "species_index": 3, "scientific": "Tipuana tipu", "common": "Tipa", "crown_diameter_m": 10.0, "height_m": 18.0, "leaf_cycle": "deciduous", "shade_density": "dense", "crown_area_m2": 78.5, "cooling_score": 1.0, "known": true, "ecology": {"native_status": "exotic", "drought_heat_tolerance": 0.9, "biodiversity_value": 0.45, "pollinator_value": 0.8, "allergenicity": 0.3, "pest_disease_risk": 0.3, "longevity_years": 65, "growth_rate": "fast", "water_demand": "low", "maintenance_burden": "high", "carbon_sequestration": 0.75, "mycorrhizal_type": "AM", "invasive": false, "ecosystem_score": 0.4388, "notes": "Photosynthesis rises under heat/drought; strong bee forage. Surface roots lift pavement (high maintenance)."}}, "geometry": {"type": "Point", "coordinates": [2.16678451, 41.38207194]}}, {"type": "Feature", "properties": {"kind": "proposed", "species": "Platanus x acerifolia", "color": [227, 119, 194], "species_index": 6, "scientific": "Platanus x acerifolia", "common": "London plane", "crown_diameter_m": 10.0, "height_m": 18.0, "leaf_cycle": "deciduous", "shade_density": "dense", "crown_area_m2": 78.5, "cooling_score": 1.0, "known": true, "ecology": {"native_status": "exotic (hybrid)", "drought_heat_tolerance": 0.75, "biodiversity_value": 0.35, "pollinator_value": 0.15, "allergenicity": 0.85, "pest_disease_risk": 0.85, "longevity_years": 115, "growth_rate": "fast", "water_demand": "medium", "maintenance_burden": "high", "carbon_sequestration": 0.9, "mycorrhizal_type": "AM", "invasive": false, "ecosystem_score": 0.1337, "notes": "Worst allergy+disease load of the palette (Corythucha ciliata + lethal Ceratocystis platani); Barcelona is phasing it down from ~30% toward ~12%."}}, "geometry": {"type": "Point", "coordinates": [2.16728498, 41.38263692]}}, {"type": "Feature", "properties": {"kind": "proposed", "species": "Melia azedarach", "color": [148, 103, 189], "species_index": 4, "scientific": "Melia azedarach", "common": "Chinaberry", "crown_diameter_m": 7.0, "height_m": 10.0, "leaf_cycle": "deciduous", "shade_density": "medium", "crown_area_m2": 38.5, "cooling_score": 0.343, "known": true, "ecology": {"native_status": "naturalised", "drought_heat_tolerance": 0.9, "biodiversity_value": 0.4, "pollinator_value": 0.5, "allergenicity": 0.4, "pest_disease_risk": 0.25, "longevity_years": 40, "growth_rate": "fast", "water_demand": "low", "maintenance_burden": "high", "carbon_sequestration": 0.45, "mycorrhizal_type": "AM", "invasive": false, "ecosystem_score": 0.3575, "notes": "Very drought/pollution tolerant but short-lived, brittle, heavy toxic-drupe litter; weedy elsewhere (Catalan invasive status REQUIRES_VERIFICATION)."}}, "geometry": {"type": "Point", "coordinates": [2.16646528, 41.38222817]}}, {"type": "Feature", "properties": {"kind": "proposed", "species": "Platanus x acerifolia", "color": [227, 119, 194], "species_index": 6, "scientific": "Platanus x acerifolia", "common": "London plane", "crown_diameter_m": 10.0, "height_m": 18.0, "leaf_cycle": "deciduous", "shade_density": "dense", "crown_area_m2": 78.5, "cooling_score": 1.0, "known": true, "ecology": {"native_status": "exotic (hybrid)", "drought_heat_tolerance": 0.75, "biodiversity_value": 0.35, "pollinator_value": 0.15, "allergenicity": 0.85, "pest_disease_risk": 0.85, "longevity_years": 115, "growth_rate": "fast", "water_demand": "medium", "maintenance_burden": "high", "carbon_sequestration": 0.9, "mycorrhizal_type": "AM", "invasive": false, "ecosystem_score": 0.1337, "notes": "Worst allergy+disease load of the palette (Corythucha ciliata + lethal Ceratocystis platani); Barcelona is phasing it down from ~30% toward ~12%."}}, "geometry": {"type": "Point", "coordinates": [2.16768494, 41.38318763]}}, {"type": "Feature", "properties": {"kind": "proposed", "species": "Tipuana tipu", "color": [214, 39, 40], "species_index": 3, "scientific": "Tipuana tipu", "common": "Tipa", "crown_diameter_m": 10.0, "height_m": 18.0, "leaf_cycle": "deciduous", "shade_density": "dense", "crown_area_m2": 78.5, "cooling_score": 1.0, "known": true, "ecology": {"native_status": "exotic", "drought_heat_tolerance": 0.9, "biodiversity_value": 0.45, "pollinator_value": 0.8, "allergenicity": 0.3, "pest_disease_risk": 0.3, "longevity_years": 65, "growth_rate": "fast", "water_demand": "low", "maintenance_burden": "high", "carbon_sequestration": 0.75, "mycorrhizal_type": "AM", "invasive": false, "ecosystem_score": 0.4388, "notes": "Photosynthesis rises under heat/drought; strong bee forage. Surface roots lift pavement (high maintenance)."}}, "geometry": {"type": "Point", "coordinates": [2.16757367, 41.38275618]}}, {"type": "Feature", "properties": {"kind": "proposed", "species": "Magnolia grandiflora", "color": [140, 86, 75], "species_index": 5, "scientific": "Magnolia grandiflora", "common": "Southern magnolia", "crown_diameter_m": 5.0, "height_m": 10.0, "leaf_cycle": "evergreen", "shade_density": "dense", "crown_area_m2": 19.6, "cooling_score": 0.2125, "known": true, "ecology": {"native_status": "exotic", "drought_heat_tolerance": 0.55, "biodiversity_value": 0.3, "pollinator_value": 0.45, "allergenicity": 0.5, "pest_disease_risk": 0.15, "longevity_years": 100, "growth_rate": "slow", "water_demand": "medium", "maintenance_burden": "medium", "carbon_sequestration": 0.65, "mycorrhizal_type": "AM", "invasive": false, "ecosystem_score": 0.2625, "notes": "Least drought-adapted of the palette (needs moisture) \u2014 a poorer fit for a drying Barcelona without irrigation."}}, "geometry": {"type": "Point", "coordinates": [2.16627789, 41.38320468]}}, {"type": "Feature", "properties": {"kind": "proposed", "species": "Styphnolobium japonicum", "color": [188, 189, 34], "species_index": 8, "scientific": "Styphnolobium japonicum", "common": "Japanese pagoda tree", "crown_diameter_m": 7.0, "height_m": 10.0, "leaf_cycle": "deciduous", "shade_density": "medium", "crown_area_m2": 38.5, "cooling_score": 0.343, "known": true, "ecology": {"native_status": "exotic", "drought_heat_tolerance": 0.8, "biodiversity_value": 0.55, "pollinator_value": 0.85, "allergenicity": 0.3, "pest_disease_risk": 0.25, "longevity_years": 75, "growth_rate": "medium", "water_demand": "low", "maintenance_burden": "medium", "carbon_sequestration": 0.55, "mycorrhizal_type": "AM", "invasive": false, "ecosystem_score": 0.4912, "notes": "Heavy late-summer bee forage (Fabaceae, N-fixing); non-invasive. Allergenicity low but REQUIRES_VERIFICATION (not in OPALS subset)."}}, "geometry": {"type": "Point", "coordinates": [2.1666675, 41.38234361]}}, {"type": "Feature", "properties": {"kind": "proposed", "species": "Platanus x acerifolia", "color": [227, 119, 194], "species_index": 6, "scientific": "Platanus x acerifolia", "common": "London plane", "crown_diameter_m": 10.0, "height_m": 18.0, "leaf_cycle": "deciduous", "shade_density": "dense", "crown_area_m2": 78.5, "cooling_score": 1.0, "known": true, "ecology": {"native_status": "exotic (hybrid)", "drought_heat_tolerance": 0.75, "biodiversity_value": 0.35, "pollinator_value": 0.15, "allergenicity": 0.85, "pest_disease_risk": 0.85, "longevity_years": 115, "growth_rate": "fast", "water_demand": "medium", "maintenance_burden": "high", "carbon_sequestration": 0.9, "mycorrhizal_type": "AM", "invasive": false, "ecosystem_score": 0.1337, "notes": "Worst allergy+disease load of the palette (Corythucha ciliata + lethal Ceratocystis platani); Barcelona is phasing it down from ~30% toward ~12%."}}, "geometry": {"type": "Point", "coordinates": [2.16601135, 41.38228715]}}, {"type": "Feature", "properties": {"kind": "proposed", "species": "Platanus x acerifolia", "color": [227, 119, 194], "species_index": 6, "scientific": "Platanus x acerifolia", "common": "London plane", "crown_diameter_m": 10.0, "height_m": 18.0, "leaf_cycle": "deciduous", "shade_density": "dense", "crown_area_m2": 78.5, "cooling_score": 1.0, "known": true, "ecology": {"native_status": "exotic (hybrid)", "drought_heat_tolerance": 0.75, "biodiversity_value": 0.35, "pollinator_value": 0.15, "allergenicity": 0.85, "pest_disease_risk": 0.85, "longevity_years": 115, "growth_rate": "fast", "water_demand": "medium", "maintenance_burden": "high", "carbon_sequestration": 0.9, "mycorrhizal_type": "AM", "invasive": false, "ecosystem_score": 0.1337, "notes": "Worst allergy+disease load of the palette (Corythucha ciliata + lethal Ceratocystis platani); Barcelona is phasing it down from ~30% toward ~12%."}}, "geometry": {"type": "Point", "coordinates": [2.16657217, 41.38264688]}}, {"type": "Feature", "properties": {"kind": "proposed", "species": "Jacaranda mimosifolia", "color": [255, 127, 14], "species_index": 1, "scientific": "Jacaranda mimosifolia", "common": "Jacaranda", "crown_diameter_m": 7.0, "height_m": 10.0, "leaf_cycle": "deciduous", "shade_density": "medium", "crown_area_m2": 38.5, "cooling_score": 0.343, "known": true, "ecology": {"native_status": "exotic", "drought_heat_tolerance": 0.7, "biodiversity_value": 0.4, "pollinator_value": 0.7, "allergenicity": 0.4, "pest_disease_risk": 0.2, "longevity_years": 75, "growth_rate": "medium", "water_demand": "medium", "maintenance_burden": "medium", "carbon_sequestration": 0.55, "mycorrhizal_type": "AM", "invasive": false, "ecosystem_score": 0.3563, "notes": "Showy violet bloom attracts bees/butterflies; one of the lower-allergen members (OPALS 4); non-invasive."}}, "geometry": {"type": "Point", "coordinates": [2.1660392, 41.3834279]}}, {"type": "Feature", "properties": {"kind": "proposed", "species": "Jacaranda mimosifolia", "color": [255, 127, 14], "species_index": 1, "scientific": "Jacaranda mimosifolia", "common": "Jacaranda", "crown_diameter_m": 7.0, "height_m": 10.0, "leaf_cycle": "deciduous", "shade_density": "medium", "crown_area_m2": 38.5, "cooling_score": 0.343, "known": true, "ecology": {"native_status": "exotic", "drought_heat_tolerance": 0.7, "biodiversity_value": 0.4, "pollinator_value": 0.7, "allergenicity": 0.4, "pest_disease_risk": 0.2, "longevity_years": 75, "growth_rate": "medium", "water_demand": "medium", "maintenance_burden": "medium", "carbon_sequestration": 0.55, "mycorrhizal_type": "AM", "invasive": false, "ecosystem_score": 0.3563, "notes": "Showy violet bloom attracts bees/butterflies; one of the lower-allergen members (OPALS 4); non-invasive."}}, "geometry": {"type": "Point", "coordinates": [2.1665298, 41.38236795]}}, {"type": "Feature", "properties": {"kind": "proposed", "species": "Melia azedarach", "color": [148, 103, 189], "species_index": 4, "scientific": "Melia azedarach", "common": "Chinaberry", "crown_diameter_m": 7.0, "height_m": 10.0, "leaf_cycle": "deciduous", "shade_density": "medium", "crown_area_m2": 38.5, "cooling_score": 0.343, "known": true, "ecology": {"native_status": "naturalised", "drought_heat_tolerance": 0.9, "biodiversity_value": 0.4, "pollinator_value": 0.5, "allergenicity": 0.4, "pest_disease_risk": 0.25, "longevity_years": 40, "growth_rate": "fast", "water_demand": "low", "maintenance_burden": "high", "carbon_sequestration": 0.45, "mycorrhizal_type": "AM", "invasive": false, "ecosystem_score": 0.3575, "notes": "Very drought/pollution tolerant but short-lived, brittle, heavy toxic-drupe litter; weedy elsewhere (Catalan invasive status REQUIRES_VERIFICATION)."}}, "geometry": {"type": "Point", "coordinates": [2.16698397, 41.38275845]}}, {"type": "Feature", "properties": {"kind": "proposed", "species": "Tipuana tipu", "color": [214, 39, 40], "species_index": 3, "scientific": "Tipuana tipu", "common": "Tipa", "crown_diameter_m": 10.0, "height_m": 18.0, "leaf_cycle": "deciduous", "shade_density": "dense", "crown_area_m2": 78.5, "cooling_score": 1.0, "known": true, "ecology": {"native_status": "exotic", "drought_heat_tolerance": 0.9, "biodiversity_value": 0.45, "pollinator_value": 0.8, "allergenicity": 0.3, "pest_disease_risk": 0.3, "longevity_years": 65, "growth_rate": "fast", "water_demand": "low", "maintenance_burden": "high", "carbon_sequestration": 0.75, "mycorrhizal_type": "AM", "invasive": false, "ecosystem_score": 0.4388, "notes": "Photosynthesis rises under heat/drought; strong bee forage. Surface roots lift pavement (high maintenance)."}}, "geometry": {"type": "Point", "coordinates": [2.1666838, 41.3824162]}}, {"type": "Feature", "properties": {"kind": "proposed", "species": "Brachychiton populneus", "color": [127, 127, 127], "species_index": 7, "scientific": "Brachychiton populneus", "common": "Kurrajong", "crown_diameter_m": 5.0, "height_m": 10.0, "leaf_cycle": "evergreen", "shade_density": "medium", "crown_area_m2": 19.6, "cooling_score": 0.1487, "known": true, "ecology": {"native_status": "exotic", "drought_heat_tolerance": 0.95, "biodiversity_value": 0.35, "pollinator_value": 0.45, "allergenicity": 0.3, "pest_disease_risk": 0.2, "longevity_years": 80, "growth_rate": "slow", "water_demand": "low", "maintenance_burden": "low", "carbon_sequestration": 0.55, "mycorrhizal_type": "AM", "invasive": false, "ecosystem_score": 0.4625, "notes": "Best drought tolerance + lowest input of the palette (water-storing trunk); safe low-allergen non-invasive choice."}}, "geometry": {"type": "Point", "coordinates": [2.16686504, 41.38271592]}}, {"type": "Feature", "properties": {"kind": "proposed", "species": "Cercis siliquastrum", "color": [31, 119, 180], "species_index": 0, "scientific": "Cercis siliquastrum", "common": "Judas tree", "crown_diameter_m": 5.0, "height_m": 4.0, "leaf_cycle": "deciduous", "shade_density": "medium", "crown_area_m2": 19.6, "cooling_score": 0.175, "known": true, "ecology": {"native_status": "native Mediterranean", "drought_heat_tolerance": 0.8, "biodiversity_value": 0.5, "pollinator_value": 0.75, "allergenicity": 0.25, "pest_disease_risk": 0.25, "longevity_years": 60, "growth_rate": "slow", "water_demand": "low", "maintenance_burden": "low", "carbon_sequestration": 0.35, "mycorrhizal_type": "AM", "invasive": false, "ecosystem_score": 0.575, "notes": "Mediterranean-native, bee-pollinated, small-stature (good under wires), low allergen and low input."}}, "geometry": {"type": "Point", "coordinates": [2.16788086, 41.38286545]}}, {"type": "Feature", "properties": {"kind": "proposed", "species": "Brachychiton populneus", "color": [127, 127, 127], "species_index": 7, "scientific": "Brachychiton populneus", "common": "Kurrajong", "crown_diameter_m": 5.0, "height_m": 10.0, "leaf_cycle": "evergreen", "shade_density": "medium", "crown_area_m2": 19.6, "cooling_score": 0.1487, "known": true, "ecology": {"native_status": "exotic", "drought_heat_tolerance": 0.95, "biodiversity_value": 0.35, "pollinator_value": 0.45, "allergenicity": 0.3, "pest_disease_risk": 0.2, "longevity_years": 80, "growth_rate": "slow", "water_demand": "low", "maintenance_burden": "low", "carbon_sequestration": 0.55, "mycorrhizal_type": "AM", "invasive": false, "ecosystem_score": 0.4625, "notes": "Best drought tolerance + lowest input of the palette (water-storing trunk); safe low-allergen non-invasive choice."}}, "geometry": {"type": "Point", "coordinates": [2.16758346, 41.38311622]}}, {"type": "Feature", "properties": {"kind": "proposed", "species": "Magnolia grandiflora", "color": [140, 86, 75], "species_index": 5, "scientific": "Magnolia grandiflora", "common": "Southern magnolia", "crown_diameter_m": 5.0, "height_m": 10.0, "leaf_cycle": "evergreen", "shade_density": "dense", "crown_area_m2": 19.6, "cooling_score": 0.2125, "known": true, "ecology": {"native_status": "exotic", "drought_heat_tolerance": 0.55, "biodiversity_value": 0.3, "pollinator_value": 0.45, "allergenicity": 0.5, "pest_disease_risk": 0.15, "longevity_years": 100, "growth_rate": "slow", "water_demand": "medium", "maintenance_burden": "medium", "carbon_sequestration": 0.65, "mycorrhizal_type": "AM", "invasive": false, "ecosystem_score": 0.2625, "notes": "Least drought-adapted of the palette (needs moisture) \u2014 a poorer fit for a drying Barcelona without irrigation."}}, "geometry": {"type": "Point", "coordinates": [2.16626701, 41.38347773]}}, {"type": "Feature", "properties": {"kind": "proposed", "species": "Cercis siliquastrum", "color": [31, 119, 180], "species_index": 0, "scientific": "Cercis siliquastrum", "common": "Judas tree", "crown_diameter_m": 5.0, "height_m": 4.0, "leaf_cycle": "deciduous", "shade_density": "medium", "crown_area_m2": 19.6, "cooling_score": 0.175, "known": true, "ecology": {"native_status": "native Mediterranean", "drought_heat_tolerance": 0.8, "biodiversity_value": 0.5, "pollinator_value": 0.75, "allergenicity": 0.25, "pest_disease_risk": 0.25, "longevity_years": 60, "growth_rate": "slow", "water_demand": "low", "maintenance_burden": "low", "carbon_sequestration": 0.35, "mycorrhizal_type": "AM", "invasive": false, "ecosystem_score": 0.575, "notes": "Mediterranean-native, bee-pollinated, small-stature (good under wires), low allergen and low input."}}, "geometry": {"type": "Point", "coordinates": [2.16708118, 41.38236277]}}, {"type": "Feature", "properties": {"kind": "proposed", "species": "Celtis australis", "color": [44, 160, 44], "species_index": 2, "scientific": "Celtis australis", "common": "European hackberry", "crown_diameter_m": 7.0, "height_m": 18.0, "leaf_cycle": "deciduous", "shade_density": "dense", "crown_area_m2": 38.5, "cooling_score": 0.49, "known": true, "ecology": {"native_status": "native Mediterranean", "drought_heat_tolerance": 0.85, "biodiversity_value": 0.6, "pollinator_value": 0.35, "allergenicity": 0.8, "pest_disease_risk": 0.3, "longevity_years": 115, "growth_rate": "medium", "water_demand": "low", "maintenance_burden": "low", "carbon_sequestration": 0.8, "mycorrhizal_type": "AM", "invasive": false, "ecosystem_score": 0.5112, "notes": "Mediterranean-native, drought-hardy, long-lived, low input \u2014 a lead climate-resilient recommendation for Barcelona."}}, "geometry": {"type": "Point", "coordinates": [2.16637787, 41.38289808]}}, {"type": "Feature", "properties": {"kind": "proposed", "species": "Platanus x acerifolia", "color": [227, 119, 194], "species_index": 6, "scientific": "Platanus x acerifolia", "common": "London plane", "crown_diameter_m": 10.0, "height_m": 18.0, "leaf_cycle": "deciduous", "shade_density": "dense", "crown_area_m2": 78.5, "cooling_score": 1.0, "known": true, "ecology": {"native_status": "exotic (hybrid)", "drought_heat_tolerance": 0.75, "biodiversity_value": 0.35, "pollinator_value": 0.15, "allergenicity": 0.85, "pest_disease_risk": 0.85, "longevity_years": 115, "growth_rate": "fast", "water_demand": "medium", "maintenance_burden": "high", "carbon_sequestration": 0.9, "mycorrhizal_type": "AM", "invasive": false, "ecosystem_score": 0.1337, "notes": "Worst allergy+disease load of the palette (Corythucha ciliata + lethal Ceratocystis platani); Barcelona is phasing it down from ~30% toward ~12%."}}, "geometry": {"type": "Point", "coordinates": [2.16646468, 41.38347536]}}, {"type": "Feature", "properties": {"kind": "proposed", "species": "Tipuana tipu", "color": [214, 39, 40], "species_index": 3, "scientific": "Tipuana tipu", "common": "Tipa", "crown_diameter_m": 10.0, "height_m": 18.0, "leaf_cycle": "deciduous", "shade_density": "dense", "crown_area_m2": 78.5, "cooling_score": 1.0, "known": true, "ecology": {"native_status": "exotic", "drought_heat_tolerance": 0.9, "biodiversity_value": 0.45, "pollinator_value": 0.8, "allergenicity": 0.3, "pest_disease_risk": 0.3, "longevity_years": 65, "growth_rate": "fast", "water_demand": "low", "maintenance_burden": "high", "carbon_sequestration": 0.75, "mycorrhizal_type": "AM", "invasive": false, "ecosystem_score": 0.4388, "notes": "Photosynthesis rises under heat/drought; strong bee forage. Surface roots lift pavement (high maintenance)."}}, "geometry": {"type": "Point", "coordinates": [2.16730893, 41.38291663]}}, {"type": "Feature", "properties": {"kind": "proposed", "species": "Platanus x acerifolia", "color": [227, 119, 194], "species_index": 6, "scientific": "Platanus x acerifolia", "common": "London plane", "crown_diameter_m": 10.0, "height_m": 18.0, "leaf_cycle": "deciduous", "shade_density": "dense", "crown_area_m2": 78.5, "cooling_score": 1.0, "known": true, "ecology": {"native_status": "exotic (hybrid)", "drought_heat_tolerance": 0.75, "biodiversity_value": 0.35, "pollinator_value": 0.15, "allergenicity": 0.85, "pest_disease_risk": 0.85, "longevity_years": 115, "growth_rate": "fast", "water_demand": "medium", "maintenance_burden": "high", "carbon_sequestration": 0.9, "mycorrhizal_type": "AM", "invasive": false, "ecosystem_score": 0.1337, "notes": "Worst allergy+disease load of the palette (Corythucha ciliata + lethal Ceratocystis platani); Barcelona is phasing it down from ~30% toward ~12%."}}, "geometry": {"type": "Point", "coordinates": [2.16745851, 41.38268978]}}, {"type": "Feature", "properties": {"kind": "proposed", "species": "Cercis siliquastrum", "color": [31, 119, 180], "species_index": 0, "scientific": "Cercis siliquastrum", "common": "Judas tree", "crown_diameter_m": 5.0, "height_m": 4.0, "leaf_cycle": "deciduous", "shade_density": "medium", "crown_area_m2": 19.6, "cooling_score": 0.175, "known": true, "ecology": {"native_status": "native Mediterranean", "drought_heat_tolerance": 0.8, "biodiversity_value": 0.5, "pollinator_value": 0.75, "allergenicity": 0.25, "pest_disease_risk": 0.25, "longevity_years": 60, "growth_rate": "slow", "water_demand": "low", "maintenance_burden": "low", "carbon_sequestration": 0.35, "mycorrhizal_type": "AM", "invasive": false, "ecosystem_score": 0.575, "notes": "Mediterranean-native, bee-pollinated, small-stature (good under wires), low allergen and low input."}}, "geometry": {"type": "Point", "coordinates": [2.16663091, 41.3820336]}}, {"type": "Feature", "properties": {"kind": "proposed", "species": "Tipuana tipu", "color": [214, 39, 40], "species_index": 3, "scientific": "Tipuana tipu", "common": "Tipa", "crown_diameter_m": 10.0, "height_m": 18.0, "leaf_cycle": "deciduous", "shade_density": "dense", "crown_area_m2": 78.5, "cooling_score": 1.0, "known": true, "ecology": {"native_status": "exotic", "drought_heat_tolerance": 0.9, "biodiversity_value": 0.45, "pollinator_value": 0.8, "allergenicity": 0.3, "pest_disease_risk": 0.3, "longevity_years": 65, "growth_rate": "fast", "water_demand": "low", "maintenance_burden": "high", "carbon_sequestration": 0.75, "mycorrhizal_type": "AM", "invasive": false, "ecosystem_score": 0.4388, "notes": "Photosynthesis rises under heat/drought; strong bee forage. Surface roots lift pavement (high maintenance)."}}, "geometry": {"type": "Point", "coordinates": [2.16664595, 41.38305432]}}, {"type": "Feature", "properties": {"kind": "proposed", "species": "Styphnolobium japonicum", "color": [188, 189, 34], "species_index": 8, "scientific": "Styphnolobium japonicum", "common": "Japanese pagoda tree", "crown_diameter_m": 7.0, "height_m": 10.0, "leaf_cycle": "deciduous", "shade_density": "medium", "crown_area_m2": 38.5, "cooling_score": 0.343, "known": true, "ecology": {"native_status": "exotic", "drought_heat_tolerance": 0.8, "biodiversity_value": 0.55, "pollinator_value": 0.85, "allergenicity": 0.3, "pest_disease_risk": 0.25, "longevity_years": 75, "growth_rate": "medium", "water_demand": "low", "maintenance_burden": "medium", "carbon_sequestration": 0.55, "mycorrhizal_type": "AM", "invasive": false, "ecosystem_score": 0.4912, "notes": "Heavy late-summer bee forage (Fabaceae, N-fixing); non-invasive. Allergenicity low but REQUIRES_VERIFICATION (not in OPALS subset)."}}, "geometry": {"type": "Point", "coordinates": [2.16667213, 41.38217608]}}, {"type": "Feature", "properties": {"kind": "proposed", "species": "Cercis siliquastrum", "color": [31, 119, 180], "species_index": 0, "scientific": "Cercis siliquastrum", "common": "Judas tree", "crown_diameter_m": 5.0, "height_m": 4.0, "leaf_cycle": "deciduous", "shade_density": "medium", "crown_area_m2": 19.6, "cooling_score": 0.175, "known": true, "ecology": {"native_status": "native Mediterranean", "drought_heat_tolerance": 0.8, "biodiversity_value": 0.5, "pollinator_value": 0.75, "allergenicity": 0.25, "pest_disease_risk": 0.25, "longevity_years": 60, "growth_rate": "slow", "water_demand": "low", "maintenance_burden": "low", "carbon_sequestration": 0.35, "mycorrhizal_type": "AM", "invasive": false, "ecosystem_score": 0.575, "notes": "Mediterranean-native, bee-pollinated, small-stature (good under wires), low allergen and low input."}}, "geometry": {"type": "Point", "coordinates": [2.16645766, 41.38212438]}}, {"type": "Feature", "properties": {"kind": "proposed", "species": "Celtis australis", "color": [44, 160, 44], "species_index": 2, "scientific": "Celtis australis", "common": "European hackberry", "crown_diameter_m": 7.0, "height_m": 18.0, "leaf_cycle": "deciduous", "shade_density": "dense", "crown_area_m2": 38.5, "cooling_score": 0.49, "known": true, "ecology": {"native_status": "native Mediterranean", "drought_heat_tolerance": 0.85, "biodiversity_value": 0.6, "pollinator_value": 0.35, "allergenicity": 0.8, "pest_disease_risk": 0.3, "longevity_years": 115, "growth_rate": "medium", "water_demand": "low", "maintenance_burden": "low", "carbon_sequestration": 0.8, "mycorrhizal_type": "AM", "invasive": false, "ecosystem_score": 0.5112, "notes": "Mediterranean-native, drought-hardy, long-lived, low input \u2014 a lead climate-resilient recommendation for Barcelona."}}, "geometry": {"type": "Point", "coordinates": [2.16774403, 41.38304439]}}, {"type": "Feature", "properties": {"kind": "proposed", "species": "Celtis australis", "color": [44, 160, 44], "species_index": 2, "scientific": "Celtis australis", "common": "European hackberry", "crown_diameter_m": 7.0, "height_m": 18.0, "leaf_cycle": "deciduous", "shade_density": "dense", "crown_area_m2": 38.5, "cooling_score": 0.49, "known": true, "ecology": {"native_status": "native Mediterranean", "drought_heat_tolerance": 0.85, "biodiversity_value": 0.6, "pollinator_value": 0.35, "allergenicity": 0.8, "pest_disease_risk": 0.3, "longevity_years": 115, "growth_rate": "medium", "water_demand": "low", "maintenance_burden": "low", "carbon_sequestration": 0.8, "mycorrhizal_type": "AM", "invasive": false, "ecosystem_score": 0.5112, "notes": "Mediterranean-native, drought-hardy, long-lived, low input \u2014 a lead climate-resilient recommendation for Barcelona."}}, "geometry": {"type": "Point", "coordinates": [2.16702087, 41.38301209]}}, {"type": "Feature", "properties": {"kind": "proposed", "species": "Platanus x acerifolia", "color": [227, 119, 194], "species_index": 6, "scientific": "Platanus x acerifolia", "common": "London plane", "crown_diameter_m": 10.0, "height_m": 18.0, "leaf_cycle": "deciduous", "shade_density": "dense", "crown_area_m2": 78.5, "cooling_score": 1.0, "known": true, "ecology": {"native_status": "exotic (hybrid)", "drought_heat_tolerance": 0.75, "biodiversity_value": 0.35, "pollinator_value": 0.15, "allergenicity": 0.85, "pest_disease_risk": 0.85, "longevity_years": 115, "growth_rate": "fast", "water_demand": "medium", "maintenance_burden": "high", "carbon_sequestration": 0.9, "mycorrhizal_type": "AM", "invasive": false, "ecosystem_score": 0.1337, "notes": "Worst allergy+disease load of the palette (Corythucha ciliata + lethal Ceratocystis platani); Barcelona is phasing it down from ~30% toward ~12%."}}, "geometry": {"type": "Point", "coordinates": [2.16613081, 41.38209999]}}, {"type": "Feature", "properties": {"kind": "proposed", "species": "Tipuana tipu", "color": [214, 39, 40], "species_index": 3, "scientific": "Tipuana tipu", "common": "Tipa", "crown_diameter_m": 10.0, "height_m": 18.0, "leaf_cycle": "deciduous", "shade_density": "dense", "crown_area_m2": 78.5, "cooling_score": 1.0, "known": true, "ecology": {"native_status": "exotic", "drought_heat_tolerance": 0.9, "biodiversity_value": 0.45, "pollinator_value": 0.8, "allergenicity": 0.3, "pest_disease_risk": 0.3, "longevity_years": 65, "growth_rate": "fast", "water_demand": "low", "maintenance_burden": "high", "carbon_sequestration": 0.75, "mycorrhizal_type": "AM", "invasive": false, "ecosystem_score": 0.4388, "notes": "Photosynthesis rises under heat/drought; strong bee forage. Surface roots lift pavement (high maintenance)."}}, "geometry": {"type": "Point", "coordinates": [2.16659156, 41.38215724]}}, {"type": "Feature", "properties": {"kind": "proposed", "species": "Platanus x acerifolia", "color": [227, 119, 194], "species_index": 6, "scientific": "Platanus x acerifolia", "common": "London plane", "crown_diameter_m": 10.0, "height_m": 18.0, "leaf_cycle": "deciduous", "shade_density": "dense", "crown_area_m2": 78.5, "cooling_score": 1.0, "known": true, "ecology": {"native_status": "exotic (hybrid)", "drought_heat_tolerance": 0.75, "biodiversity_value": 0.35, "pollinator_value": 0.15, "allergenicity": 0.85, "pest_disease_risk": 0.85, "longevity_years": 115, "growth_rate": "fast", "water_demand": "medium", "maintenance_burden": "high", "carbon_sequestration": 0.9, "mycorrhizal_type": "AM", "invasive": false, "ecosystem_score": 0.1337, "notes": "Worst allergy+disease load of the palette (Corythucha ciliata + lethal Ceratocystis platani); Barcelona is phasing it down from ~30% toward ~12%."}}, "geometry": {"type": "Point", "coordinates": [2.16699639, 41.38275601]}}, {"type": "Feature", "properties": {"kind": "proposed", "species": "Cercis siliquastrum", "color": [31, 119, 180], "species_index": 0, "scientific": "Cercis siliquastrum", "common": "Judas tree", "crown_diameter_m": 5.0, "height_m": 4.0, "leaf_cycle": "deciduous", "shade_density": "medium", "crown_area_m2": 19.6, "cooling_score": 0.175, "known": true, "ecology": {"native_status": "native Mediterranean", "drought_heat_tolerance": 0.8, "biodiversity_value": 0.5, "pollinator_value": 0.75, "allergenicity": 0.25, "pest_disease_risk": 0.25, "longevity_years": 60, "growth_rate": "slow", "water_demand": "low", "maintenance_burden": "low", "carbon_sequestration": 0.35, "mycorrhizal_type": "AM", "invasive": false, "ecosystem_score": 0.575, "notes": "Mediterranean-native, bee-pollinated, small-stature (good under wires), low allergen and low input."}}, "geometry": {"type": "Point", "coordinates": [2.16639069, 41.3821948]}}, {"type": "Feature", "properties": {"kind": "proposed", "species": "Melia azedarach", "color": [148, 103, 189], "species_index": 4, "scientific": "Melia azedarach", "common": "Chinaberry", "crown_diameter_m": 7.0, "height_m": 10.0, "leaf_cycle": "deciduous", "shade_density": "medium", "crown_area_m2": 38.5, "cooling_score": 0.343, "known": true, "ecology": {"native_status": "naturalised", "drought_heat_tolerance": 0.9, "biodiversity_value": 0.4, "pollinator_value": 0.5, "allergenicity": 0.4, "pest_disease_risk": 0.25, "longevity_years": 40, "growth_rate": "fast", "water_demand": "low", "maintenance_burden": "high", "carbon_sequestration": 0.45, "mycorrhizal_type": "AM", "invasive": false, "ecosystem_score": 0.3575, "notes": "Very drought/pollution tolerant but short-lived, brittle, heavy toxic-drupe litter; weedy elsewhere (Catalan invasive status REQUIRES_VERIFICATION)."}}, "geometry": {"type": "Point", "coordinates": [2.16754318, 41.3828869]}}, {"type": "Feature", "properties": {"kind": "proposed", "species": "Tipuana tipu", "color": [214, 39, 40], "species_index": 3, "scientific": "Tipuana tipu", "common": "Tipa", "crown_diameter_m": 10.0, "height_m": 18.0, "leaf_cycle": "deciduous", "shade_density": "dense", "crown_area_m2": 78.5, "cooling_score": 1.0, "known": true, "ecology": {"native_status": "exotic", "drought_heat_tolerance": 0.9, "biodiversity_value": 0.45, "pollinator_value": 0.8, "allergenicity": 0.3, "pest_disease_risk": 0.3, "longevity_years": 65, "growth_rate": "fast", "water_demand": "low", "maintenance_burden": "high", "carbon_sequestration": 0.75, "mycorrhizal_type": "AM", "invasive": false, "ecosystem_score": 0.4388, "notes": "Photosynthesis rises under heat/drought; strong bee forage. Surface roots lift pavement (high maintenance)."}}, "geometry": {"type": "Point", "coordinates": [2.16689747, 41.38215254]}}, {"type": "Feature", "properties": {"kind": "proposed", "species": "Melia azedarach", "color": [148, 103, 189], "species_index": 4, "scientific": "Melia azedarach", "common": "Chinaberry", "crown_diameter_m": 7.0, "height_m": 10.0, "leaf_cycle": "deciduous", "shade_density": "medium", "crown_area_m2": 38.5, "cooling_score": 0.343, "known": true, "ecology": {"native_status": "naturalised", "drought_heat_tolerance": 0.9, "biodiversity_value": 0.4, "pollinator_value": 0.5, "allergenicity": 0.4, "pest_disease_risk": 0.25, "longevity_years": 40, "growth_rate": "fast", "water_demand": "low", "maintenance_burden": "high", "carbon_sequestration": 0.45, "mycorrhizal_type": "AM", "invasive": false, "ecosystem_score": 0.3575, "notes": "Very drought/pollution tolerant but short-lived, brittle, heavy toxic-drupe litter; weedy elsewhere (Catalan invasive status REQUIRES_VERIFICATION)."}}, "geometry": {"type": "Point", "coordinates": [2.16623013, 41.38218361]}}, {"type": "Feature", "properties": {"kind": "proposed", "species": "Melia azedarach", "color": [148, 103, 189], "species_index": 4, "scientific": "Melia azedarach", "common": "Chinaberry", "crown_diameter_m": 7.0, "height_m": 10.0, "leaf_cycle": "deciduous", "shade_density": "medium", "crown_area_m2": 38.5, "cooling_score": 0.343, "known": true, "ecology": {"native_status": "naturalised", "drought_heat_tolerance": 0.9, "biodiversity_value": 0.4, "pollinator_value": 0.5, "allergenicity": 0.4, "pest_disease_risk": 0.25, "longevity_years": 40, "growth_rate": "fast", "water_demand": "low", "maintenance_burden": "high", "carbon_sequestration": 0.45, "mycorrhizal_type": "AM", "invasive": false, "ecosystem_score": 0.3575, "notes": "Very drought/pollution tolerant but short-lived, brittle, heavy toxic-drupe litter; weedy elsewhere (Catalan invasive status REQUIRES_VERIFICATION)."}}, "geometry": {"type": "Point", "coordinates": [2.16674995, 41.3829134]}}, {"type": "Feature", "properties": {"kind": "proposed", "species": "Tipuana tipu", "color": [214, 39, 40], "species_index": 3, "scientific": "Tipuana tipu", "common": "Tipa", "crown_diameter_m": 10.0, "height_m": 18.0, "leaf_cycle": "deciduous", "shade_density": "dense", "crown_area_m2": 78.5, "cooling_score": 1.0, "known": true, "ecology": {"native_status": "exotic", "drought_heat_tolerance": 0.9, "biodiversity_value": 0.45, "pollinator_value": 0.8, "allergenicity": 0.3, "pest_disease_risk": 0.3, "longevity_years": 65, "growth_rate": "fast", "water_demand": "low", "maintenance_burden": "high", "carbon_sequestration": 0.75, "mycorrhizal_type": "AM", "invasive": false, "ecosystem_score": 0.4388, "notes": "Photosynthesis rises under heat/drought; strong bee forage. Surface roots lift pavement (high maintenance)."}}, "geometry": {"type": "Point", "coordinates": [2.16672824, 41.3823414]}}, {"type": "Feature", "properties": {"kind": "proposed", "species": "Tipuana tipu", "color": [214, 39, 40], "species_index": 3, "scientific": "Tipuana tipu", "common": "Tipa", "crown_diameter_m": 10.0, "height_m": 18.0, "leaf_cycle": "deciduous", "shade_density": "dense", "crown_area_m2": 78.5, "cooling_score": 1.0, "known": true, "ecology": {"native_status": "exotic", "drought_heat_tolerance": 0.9, "biodiversity_value": 0.45, "pollinator_value": 0.8, "allergenicity": 0.3, "pest_disease_risk": 0.3, "longevity_years": 65, "growth_rate": "fast", "water_demand": "low", "maintenance_burden": "high", "carbon_sequestration": 0.75, "mycorrhizal_type": "AM", "invasive": false, "ecosystem_score": 0.4388, "notes": "Photosynthesis rises under heat/drought; strong bee forage. Surface roots lift pavement (high maintenance)."}}, "geometry": {"type": "Point", "coordinates": [2.16732558, 41.38259431]}}, {"type": "Feature", "properties": {"kind": "proposed", "species": "Platanus x acerifolia", "color": [227, 119, 194], "species_index": 6, "scientific": "Platanus x acerifolia", "common": "London plane", "crown_diameter_m": 10.0, "height_m": 18.0, "leaf_cycle": "deciduous", "shade_density": "dense", "crown_area_m2": 78.5, "cooling_score": 1.0, "known": true, "ecology": {"native_status": "exotic (hybrid)", "drought_heat_tolerance": 0.75, "biodiversity_value": 0.35, "pollinator_value": 0.15, "allergenicity": 0.85, "pest_disease_risk": 0.85, "longevity_years": 115, "growth_rate": "fast", "water_demand": "medium", "maintenance_burden": "high", "carbon_sequestration": 0.9, "mycorrhizal_type": "AM", "invasive": false, "ecosystem_score": 0.1337, "notes": "Worst allergy+disease load of the palette (Corythucha ciliata + lethal Ceratocystis platani); Barcelona is phasing it down from ~30% toward ~12%."}}, "geometry": {"type": "Point", "coordinates": [2.16798638, 41.38238533]}}, {"type": "Feature", "properties": {"kind": "proposed", "species": "Styphnolobium japonicum", "color": [188, 189, 34], "species_index": 8, "scientific": "Styphnolobium japonicum", "common": "Japanese pagoda tree", "crown_diameter_m": 7.0, "height_m": 10.0, "leaf_cycle": "deciduous", "shade_density": "medium", "crown_area_m2": 38.5, "cooling_score": 0.343, "known": true, "ecology": {"native_status": "exotic", "drought_heat_tolerance": 0.8, "biodiversity_value": 0.55, "pollinator_value": 0.85, "allergenicity": 0.3, "pest_disease_risk": 0.25, "longevity_years": 75, "growth_rate": "medium", "water_demand": "low", "maintenance_burden": "medium", "carbon_sequestration": 0.55, "mycorrhizal_type": "AM", "invasive": false, "ecosystem_score": 0.4912, "notes": "Heavy late-summer bee forage (Fabaceae, N-fixing); non-invasive. Allergenicity low but REQUIRES_VERIFICATION (not in OPALS subset)."}}, "geometry": {"type": "Point", "coordinates": [2.16754648, 41.3830438]}}, {"type": "Feature", "properties": {"kind": "proposed", "species": "Celtis australis", "color": [44, 160, 44], "species_index": 2, "scientific": "Celtis australis", "common": "European hackberry", "crown_diameter_m": 7.0, "height_m": 18.0, "leaf_cycle": "deciduous", "shade_density": "dense", "crown_area_m2": 38.5, "cooling_score": 0.49, "known": true, "ecology": {"native_status": "native Mediterranean", "drought_heat_tolerance": 0.85, "biodiversity_value": 0.6, "pollinator_value": 0.35, "allergenicity": 0.8, "pest_disease_risk": 0.3, "longevity_years": 115, "growth_rate": "medium", "water_demand": "low", "maintenance_burden": "low", "carbon_sequestration": 0.8, "mycorrhizal_type": "AM", "invasive": false, "ecosystem_score": 0.5112, "notes": "Mediterranean-native, drought-hardy, long-lived, low input \u2014 a lead climate-resilient recommendation for Barcelona."}}, "geometry": {"type": "Point", "coordinates": [2.16666972, 41.38269028]}}, {"type": "Feature", "properties": {"kind": "proposed", "species": "Jacaranda mimosifolia", "color": [255, 127, 14], "species_index": 1, "scientific": "Jacaranda mimosifolia", "common": "Jacaranda", "crown_diameter_m": 7.0, "height_m": 10.0, "leaf_cycle": "deciduous", "shade_density": "medium", "crown_area_m2": 38.5, "cooling_score": 0.343, "known": true, "ecology": {"native_status": "exotic", "drought_heat_tolerance": 0.7, "biodiversity_value": 0.4, "pollinator_value": 0.7, "allergenicity": 0.4, "pest_disease_risk": 0.2, "longevity_years": 75, "growth_rate": "medium", "water_demand": "medium", "maintenance_burden": "medium", "carbon_sequestration": 0.55, "mycorrhizal_type": "AM", "invasive": false, "ecosystem_score": 0.3563, "notes": "Showy violet bloom attracts bees/butterflies; one of the lower-allergen members (OPALS 4); non-invasive."}}, "geometry": {"type": "Point", "coordinates": [2.16698659, 41.38274681]}}, {"type": "Feature", "properties": {"kind": "proposed", "species": "Brachychiton populneus", "color": [127, 127, 127], "species_index": 7, "scientific": "Brachychiton populneus", "common": "Kurrajong", "crown_diameter_m": 5.0, "height_m": 10.0, "leaf_cycle": "evergreen", "shade_density": "medium", "crown_area_m2": 19.6, "cooling_score": 0.1487, "known": true, "ecology": {"native_status": "exotic", "drought_heat_tolerance": 0.95, "biodiversity_value": 0.35, "pollinator_value": 0.45, "allergenicity": 0.3, "pest_disease_risk": 0.2, "longevity_years": 80, "growth_rate": "slow", "water_demand": "low", "maintenance_burden": "low", "carbon_sequestration": 0.55, "mycorrhizal_type": "AM", "invasive": false, "ecosystem_score": 0.4625, "notes": "Best drought tolerance + lowest input of the palette (water-storing trunk); safe low-allergen non-invasive choice."}}, "geometry": {"type": "Point", "coordinates": [2.16706282, 41.38255147]}}, {"type": "Feature", "properties": {"kind": "proposed", "species": "Styphnolobium japonicum", "color": [188, 189, 34], "species_index": 8, "scientific": "Styphnolobium japonicum", "common": "Japanese pagoda tree", "crown_diameter_m": 7.0, "height_m": 10.0, "leaf_cycle": "deciduous", "shade_density": "medium", "crown_area_m2": 38.5, "cooling_score": 0.343, "known": true, "ecology": {"native_status": "exotic", "drought_heat_tolerance": 0.8, "biodiversity_value": 0.55, "pollinator_value": 0.85, "allergenicity": 0.3, "pest_disease_risk": 0.25, "longevity_years": 75, "growth_rate": "medium", "water_demand": "low", "maintenance_burden": "medium", "carbon_sequestration": 0.55, "mycorrhizal_type": "AM", "invasive": false, "ecosystem_score": 0.4912, "notes": "Heavy late-summer bee forage (Fabaceae, N-fixing); non-invasive. Allergenicity low but REQUIRES_VERIFICATION (not in OPALS subset)."}}, "geometry": {"type": "Point", "coordinates": [2.16679869, 41.38331622]}}, {"type": "Feature", "properties": {"kind": "proposed", "species": "Platanus x acerifolia", "color": [227, 119, 194], "species_index": 6, "scientific": "Platanus x acerifolia", "common": "London plane", "crown_diameter_m": 10.0, "height_m": 18.0, "leaf_cycle": "deciduous", "shade_density": "dense", "crown_area_m2": 78.5, "cooling_score": 1.0, "known": true, "ecology": {"native_status": "exotic (hybrid)", "drought_heat_tolerance": 0.75, "biodiversity_value": 0.35, "pollinator_value": 0.15, "allergenicity": 0.85, "pest_disease_risk": 0.85, "longevity_years": 115, "growth_rate": "fast", "water_demand": "medium", "maintenance_burden": "high", "carbon_sequestration": 0.9, "mycorrhizal_type": "AM", "invasive": false, "ecosystem_score": 0.1337, "notes": "Worst allergy+disease load of the palette (Corythucha ciliata + lethal Ceratocystis platani); Barcelona is phasing it down from ~30% toward ~12%."}}, "geometry": {"type": "Point", "coordinates": [2.16683054, 41.38258731]}}, {"type": "Feature", "properties": {"kind": "proposed", "species": "Melia azedarach", "color": [148, 103, 189], "species_index": 4, "scientific": "Melia azedarach", "common": "Chinaberry", "crown_diameter_m": 7.0, "height_m": 10.0, "leaf_cycle": "deciduous", "shade_density": "medium", "crown_area_m2": 38.5, "cooling_score": 0.343, "known": true, "ecology": {"native_status": "naturalised", "drought_heat_tolerance": 0.9, "biodiversity_value": 0.4, "pollinator_value": 0.5, "allergenicity": 0.4, "pest_disease_risk": 0.25, "longevity_years": 40, "growth_rate": "fast", "water_demand": "low", "maintenance_burden": "high", "carbon_sequestration": 0.45, "mycorrhizal_type": "AM", "invasive": false, "ecosystem_score": 0.3575, "notes": "Very drought/pollution tolerant but short-lived, brittle, heavy toxic-drupe litter; weedy elsewhere (Catalan invasive status REQUIRES_VERIFICATION)."}}, "geometry": {"type": "Point", "coordinates": [2.16748575, 41.38345093]}}, {"type": "Feature", "properties": {"kind": "proposed", "species": "Cercis siliquastrum", "color": [31, 119, 180], "species_index": 0, "scientific": "Cercis siliquastrum", "common": "Judas tree", "crown_diameter_m": 5.0, "height_m": 4.0, "leaf_cycle": "deciduous", "shade_density": "medium", "crown_area_m2": 19.6, "cooling_score": 0.175, "known": true, "ecology": {"native_status": "native Mediterranean", "drought_heat_tolerance": 0.8, "biodiversity_value": 0.5, "pollinator_value": 0.75, "allergenicity": 0.25, "pest_disease_risk": 0.25, "longevity_years": 60, "growth_rate": "slow", "water_demand": "low", "maintenance_burden": "low", "carbon_sequestration": 0.35, "mycorrhizal_type": "AM", "invasive": false, "ecosystem_score": 0.575, "notes": "Mediterranean-native, bee-pollinated, small-stature (good under wires), low allergen and low input."}}, "geometry": {"type": "Point", "coordinates": [2.16722381, 41.38219334]}}, {"type": "Feature", "properties": {"kind": "proposed", "species": "Jacaranda mimosifolia", "color": [255, 127, 14], "species_index": 1, "scientific": "Jacaranda mimosifolia", "common": "Jacaranda", "crown_diameter_m": 7.0, "height_m": 10.0, "leaf_cycle": "deciduous", "shade_density": "medium", "crown_area_m2": 38.5, "cooling_score": 0.343, "known": true, "ecology": {"native_status": "exotic", "drought_heat_tolerance": 0.7, "biodiversity_value": 0.4, "pollinator_value": 0.7, "allergenicity": 0.4, "pest_disease_risk": 0.2, "longevity_years": 75, "growth_rate": "medium", "water_demand": "medium", "maintenance_burden": "medium", "carbon_sequestration": 0.55, "mycorrhizal_type": "AM", "invasive": false, "ecosystem_score": 0.3563, "notes": "Showy violet bloom attracts bees/butterflies; one of the lower-allergen members (OPALS 4); non-invasive."}}, "geometry": {"type": "Point", "coordinates": [2.16714758, 41.38211665]}}, {"type": "Feature", "properties": {"kind": "proposed", "species": "Jacaranda mimosifolia", "color": [255, 127, 14], "species_index": 1, "scientific": "Jacaranda mimosifolia", "common": "Jacaranda", "crown_diameter_m": 7.0, "height_m": 10.0, "leaf_cycle": "deciduous", "shade_density": "medium", "crown_area_m2": 38.5, "cooling_score": 0.343, "known": true, "ecology": {"native_status": "exotic", "drought_heat_tolerance": 0.7, "biodiversity_value": 0.4, "pollinator_value": 0.7, "allergenicity": 0.4, "pest_disease_risk": 0.2, "longevity_years": 75, "growth_rate": "medium", "water_demand": "medium", "maintenance_burden": "medium", "carbon_sequestration": 0.55, "mycorrhizal_type": "AM", "invasive": false, "ecosystem_score": 0.3563, "notes": "Showy violet bloom attracts bees/butterflies; one of the lower-allergen members (OPALS 4); non-invasive."}}, "geometry": {"type": "Point", "coordinates": [2.16701343, 41.38274584]}}, {"type": "Feature", "properties": {"kind": "proposed", "species": "Platanus x acerifolia", "color": [227, 119, 194], "species_index": 6, "scientific": "Platanus x acerifolia", "common": "London plane", "crown_diameter_m": 10.0, "height_m": 18.0, "leaf_cycle": "deciduous", "shade_density": "dense", "crown_area_m2": 78.5, "cooling_score": 1.0, "known": true, "ecology": {"native_status": "exotic (hybrid)", "drought_heat_tolerance": 0.75, "biodiversity_value": 0.35, "pollinator_value": 0.15, "allergenicity": 0.85, "pest_disease_risk": 0.85, "longevity_years": 115, "growth_rate": "fast", "water_demand": "medium", "maintenance_burden": "high", "carbon_sequestration": 0.9, "mycorrhizal_type": "AM", "invasive": false, "ecosystem_score": 0.1337, "notes": "Worst allergy+disease load of the palette (Corythucha ciliata + lethal Ceratocystis platani); Barcelona is phasing it down from ~30% toward ~12%."}}, "geometry": {"type": "Point", "coordinates": [2.16653206, 41.38270224]}}, {"type": "Feature", "properties": {"kind": "proposed", "species": "Jacaranda mimosifolia", "color": [255, 127, 14], "species_index": 1, "scientific": "Jacaranda mimosifolia", "common": "Jacaranda", "crown_diameter_m": 7.0, "height_m": 10.0, "leaf_cycle": "deciduous", "shade_density": "medium", "crown_area_m2": 38.5, "cooling_score": 0.343, "known": true, "ecology": {"native_status": "exotic", "drought_heat_tolerance": 0.7, "biodiversity_value": 0.4, "pollinator_value": 0.7, "allergenicity": 0.4, "pest_disease_risk": 0.2, "longevity_years": 75, "growth_rate": "medium", "water_demand": "medium", "maintenance_burden": "medium", "carbon_sequestration": 0.55, "mycorrhizal_type": "AM", "invasive": false, "ecosystem_score": 0.3563, "notes": "Showy violet bloom attracts bees/butterflies; one of the lower-allergen members (OPALS 4); non-invasive."}}, "geometry": {"type": "Point", "coordinates": [2.16668298, 41.38237916]}}, {"type": "Feature", "properties": {"kind": "proposed", "species": "Celtis australis", "color": [44, 160, 44], "species_index": 2, "scientific": "Celtis australis", "common": "European hackberry", "crown_diameter_m": 7.0, "height_m": 18.0, "leaf_cycle": "deciduous", "shade_density": "dense", "crown_area_m2": 38.5, "cooling_score": 0.49, "known": true, "ecology": {"native_status": "native Mediterranean", "drought_heat_tolerance": 0.85, "biodiversity_value": 0.6, "pollinator_value": 0.35, "allergenicity": 0.8, "pest_disease_risk": 0.3, "longevity_years": 115, "growth_rate": "medium", "water_demand": "low", "maintenance_burden": "low", "carbon_sequestration": 0.8, "mycorrhizal_type": "AM", "invasive": false, "ecosystem_score": 0.5112, "notes": "Mediterranean-native, drought-hardy, long-lived, low input \u2014 a lead climate-resilient recommendation for Barcelona."}}, "geometry": {"type": "Point", "coordinates": [2.16774044, 41.38289505]}}, {"type": "Feature", "properties": {"kind": "proposed", "species": "Styphnolobium japonicum", "color": [188, 189, 34], "species_index": 8, "scientific": "Styphnolobium japonicum", "common": "Japanese pagoda tree", "crown_diameter_m": 7.0, "height_m": 10.0, "leaf_cycle": "deciduous", "shade_density": "medium", "crown_area_m2": 38.5, "cooling_score": 0.343, "known": true, "ecology": {"native_status": "exotic", "drought_heat_tolerance": 0.8, "biodiversity_value": 0.55, "pollinator_value": 0.85, "allergenicity": 0.3, "pest_disease_risk": 0.25, "longevity_years": 75, "growth_rate": "medium", "water_demand": "low", "maintenance_burden": "medium", "carbon_sequestration": 0.55, "mycorrhizal_type": "AM", "invasive": false, "ecosystem_score": 0.4912, "notes": "Heavy late-summer bee forage (Fabaceae, N-fixing); non-invasive. Allergenicity low but REQUIRES_VERIFICATION (not in OPALS subset)."}}, "geometry": {"type": "Point", "coordinates": [2.1678537, 41.38284504]}}, {"type": "Feature", "properties": {"kind": "proposed", "species": "Platanus x acerifolia", "color": [227, 119, 194], "species_index": 6, "scientific": "Platanus x acerifolia", "common": "London plane", "crown_diameter_m": 10.0, "height_m": 18.0, "leaf_cycle": "deciduous", "shade_density": "dense", "crown_area_m2": 78.5, "cooling_score": 1.0, "known": true, "ecology": {"native_status": "exotic (hybrid)", "drought_heat_tolerance": 0.75, "biodiversity_value": 0.35, "pollinator_value": 0.15, "allergenicity": 0.85, "pest_disease_risk": 0.85, "longevity_years": 115, "growth_rate": "fast", "water_demand": "medium", "maintenance_burden": "high", "carbon_sequestration": 0.9, "mycorrhizal_type": "AM", "invasive": false, "ecosystem_score": 0.1337, "notes": "Worst allergy+disease load of the palette (Corythucha ciliata + lethal Ceratocystis platani); Barcelona is phasing it down from ~30% toward ~12%."}}, "geometry": {"type": "Point", "coordinates": [2.1667877, 41.38343723]}}, {"type": "Feature", "properties": {"kind": "existing", "species": "Quercus suber", "color": [115, 140, 107], "scientific": "Quercus suber", "common": "Quercus suber", "crown_diameter_m": 6.0, "height_m": 10.0, "leaf_cycle": "deciduous", "shade_density": "medium", "crown_area_m2": 28.3, "cooling_score": 0.5, "known": false}, "geometry": {"type": "Point", "coordinates": [2.1675935, 41.3820264]}}, {"type": "Feature", "properties": {"kind": "existing", "species": "Brachychiton populneus", "color": [115, 140, 107], "scientific": "Brachychiton populneus", "common": "Kurrajong", "crown_diameter_m": 5.0, "height_m": 10.0, "leaf_cycle": "evergreen", "shade_density": "medium", "crown_area_m2": 19.6, "cooling_score": 0.1487, "known": true, "ecology": {"native_status": "exotic", "drought_heat_tolerance": 0.95, "biodiversity_value": 0.35, "pollinator_value": 0.45, "allergenicity": 0.3, "pest_disease_risk": 0.2, "longevity_years": 80, "growth_rate": "slow", "water_demand": "low", "maintenance_burden": "low", "carbon_sequestration": 0.55, "mycorrhizal_type": "AM", "invasive": false, "ecosystem_score": 0.4625, "notes": "Best drought tolerance + lowest input of the palette (water-storing trunk); safe low-allergen non-invasive choice."}}, "geometry": {"type": "Point", "coordinates": [2.1674724, 41.3833808]}}, {"type": "Feature", "properties": {"kind": "existing", "species": "Quercus suber", "color": [115, 140, 107], "scientific": "Quercus suber", "common": "Quercus suber", "crown_diameter_m": 6.0, "height_m": 10.0, "leaf_cycle": "deciduous", "shade_density": "medium", "crown_area_m2": 28.3, "cooling_score": 0.5, "known": false}, "geometry": {"type": "Point", "coordinates": [2.1678723, 41.3822086]}}, {"type": "Feature", "properties": {"kind": "existing", "species": "Brachychiton populneus", "color": [115, 140, 107], "scientific": "Brachychiton populneus", "common": "Kurrajong", "crown_diameter_m": 5.0, "height_m": 10.0, "leaf_cycle": "evergreen", "shade_density": "medium", "crown_area_m2": 19.6, "cooling_score": 0.1487, "known": true, "ecology": {"native_status": "exotic", "drought_heat_tolerance": 0.95, "biodiversity_value": 0.35, "pollinator_value": 0.45, "allergenicity": 0.3, "pest_disease_risk": 0.2, "longevity_years": 80, "growth_rate": "slow", "water_demand": "low", "maintenance_burden": "low", "carbon_sequestration": 0.55, "mycorrhizal_type": "AM", "invasive": false, "ecosystem_score": 0.4625, "notes": "Best drought tolerance + lowest input of the palette (water-storing trunk); safe low-allergen non-invasive choice."}}, "geometry": {"type": "Point", "coordinates": [2.1673742, 41.3834726]}}, {"type": "Feature", "properties": {"kind": "existing", "species": "Quercus suber", "color": [115, 140, 107], "scientific": "Quercus suber", "common": "Quercus suber", "crown_diameter_m": 6.0, "height_m": 10.0, "leaf_cycle": "deciduous", "shade_density": "medium", "crown_area_m2": 28.3, "cooling_score": 0.5, "known": false}, "geometry": {"type": "Point", "coordinates": [2.1677884, 41.3822925]}}, {"type": "Feature", "properties": {"kind": "existing", "species": "Celtis australis", "color": [115, 140, 107], "scientific": "Celtis australis", "common": "European hackberry", "crown_diameter_m": 7.0, "height_m": 18.0, "leaf_cycle": "deciduous", "shade_density": "dense", "crown_area_m2": 38.5, "cooling_score": 0.49, "known": true, "ecology": {"native_status": "native Mediterranean", "drought_heat_tolerance": 0.85, "biodiversity_value": 0.6, "pollinator_value": 0.35, "allergenicity": 0.8, "pest_disease_risk": 0.3, "longevity_years": 115, "growth_rate": "medium", "water_demand": "low", "maintenance_burden": "low", "carbon_sequestration": 0.8, "mycorrhizal_type": "AM", "invasive": false, "ecosystem_score": 0.5112, "notes": "Mediterranean-native, drought-hardy, long-lived, low input \u2014 a lead climate-resilient recommendation for Barcelona."}}, "geometry": {"type": "Point", "coordinates": [2.1677915, 41.3827578]}}, {"type": "Feature", "properties": {"kind": "existing", "species": "Quercus suber", "color": [115, 140, 107], "scientific": "Quercus suber", "common": "Quercus suber", "crown_diameter_m": 6.0, "height_m": 10.0, "leaf_cycle": "deciduous", "shade_density": "medium", "crown_area_m2": 28.3, "cooling_score": 0.5, "known": false}, "geometry": {"type": "Point", "coordinates": [2.1674301, 41.3820124]}}, {"type": "Feature", "properties": {"kind": "existing", "species": "Celtis australis", "color": [115, 140, 107], "scientific": "Celtis australis", "common": "European hackberry", "crown_diameter_m": 7.0, "height_m": 18.0, "leaf_cycle": "deciduous", "shade_density": "dense", "crown_area_m2": 38.5, "cooling_score": 0.49, "known": true, "ecology": {"native_status": "native Mediterranean", "drought_heat_tolerance": 0.85, "biodiversity_value": 0.6, "pollinator_value": 0.35, "allergenicity": 0.8, "pest_disease_risk": 0.3, "longevity_years": 115, "growth_rate": "medium", "water_demand": "low", "maintenance_burden": "low", "carbon_sequestration": 0.8, "mycorrhizal_type": "AM", "invasive": false, "ecosystem_score": 0.5112, "notes": "Mediterranean-native, drought-hardy, long-lived, low input \u2014 a lead climate-resilient recommendation for Barcelona."}}, "geometry": {"type": "Point", "coordinates": [2.1678361, 41.3827204]}}, {"type": "Feature", "properties": {"kind": "existing", "species": "Celtis australis", "color": [115, 140, 107], "scientific": "Celtis australis", "common": "European hackberry", "crown_diameter_m": 7.0, "height_m": 18.0, "leaf_cycle": "deciduous", "shade_density": "dense", "crown_area_m2": 38.5, "cooling_score": 0.49, "known": true, "ecology": {"native_status": "native Mediterranean", "drought_heat_tolerance": 0.85, "biodiversity_value": 0.6, "pollinator_value": 0.35, "allergenicity": 0.8, "pest_disease_risk": 0.3, "longevity_years": 115, "growth_rate": "medium", "water_demand": "low", "maintenance_burden": "low", "carbon_sequestration": 0.8, "mycorrhizal_type": "AM", "invasive": false, "ecosystem_score": 0.5112, "notes": "Mediterranean-native, drought-hardy, long-lived, low input \u2014 a lead climate-resilient recommendation for Barcelona."}}, "geometry": {"type": "Point", "coordinates": [2.1679285, 41.3826279]}}, {"type": "Feature", "properties": {"kind": "existing", "species": "Brachychiton populneus", "color": [115, 140, 107], "scientific": "Brachychiton populneus", "common": "Kurrajong", "crown_diameter_m": 5.0, "height_m": 10.0, "leaf_cycle": "evergreen", "shade_density": "medium", "crown_area_m2": 19.6, "cooling_score": 0.1487, "known": true, "ecology": {"native_status": "exotic", "drought_heat_tolerance": 0.95, "biodiversity_value": 0.35, "pollinator_value": 0.45, "allergenicity": 0.3, "pest_disease_risk": 0.2, "longevity_years": 80, "growth_rate": "slow", "water_demand": "low", "maintenance_burden": "low", "carbon_sequestration": 0.55, "mycorrhizal_type": "AM", "invasive": false, "ecosystem_score": 0.4625, "notes": "Best drought tolerance + lowest input of the palette (water-storing trunk); safe low-allergen non-invasive choice."}}, "geometry": {"type": "Point", "coordinates": [2.1675104, 41.3833311]}}, {"type": "Feature", "properties": {"kind": "existing", "species": "Celtis australis", "color": [115, 140, 107], "scientific": "Celtis australis", "common": "European hackberry", "crown_diameter_m": 7.0, "height_m": 18.0, "leaf_cycle": "deciduous", "shade_density": "dense", "crown_area_m2": 38.5, "cooling_score": 0.49, "known": true, "ecology": {"native_status": "native Mediterranean", "drought_heat_tolerance": 0.85, "biodiversity_value": 0.6, "pollinator_value": 0.35, "allergenicity": 0.8, "pest_disease_risk": 0.3, "longevity_years": 115, "growth_rate": "medium", "water_demand": "low", "maintenance_burden": "low", "carbon_sequestration": 0.8, "mycorrhizal_type": "AM", "invasive": false, "ecosystem_score": 0.5112, "notes": "Mediterranean-native, drought-hardy, long-lived, low input \u2014 a lead climate-resilient recommendation for Barcelona."}}, "geometry": {"type": "Point", "coordinates": [2.1678867, 41.3826742]}}, {"type": "Feature", "properties": {"kind": "existing", "species": "Quercus suber", "color": [115, 140, 107], "scientific": "Quercus suber", "common": "Quercus suber", "crown_diameter_m": 6.0, "height_m": 10.0, "leaf_cycle": "deciduous", "shade_density": "medium", "crown_area_m2": 28.3, "cooling_score": 0.5, "known": false}, "geometry": {"type": "Point", "coordinates": [2.1679196, 41.382164]}}, {"type": "Feature", "properties": {"kind": "existing", "species": "Quercus suber", "color": [115, 140, 107], "scientific": "Quercus suber", "common": "Quercus suber", "crown_diameter_m": 6.0, "height_m": 10.0, "leaf_cycle": "deciduous", "shade_density": "medium", "crown_area_m2": 28.3, "cooling_score": 0.5, "known": false}, "geometry": {"type": "Point", "coordinates": [2.1679222, 41.3821991]}}, {"type": "Feature", "properties": {"kind": "existing", "species": "Quercus suber", "color": [115, 140, 107], "scientific": "Quercus suber", "common": "Quercus suber", "crown_diameter_m": 6.0, "height_m": 10.0, "leaf_cycle": "deciduous", "shade_density": "medium", "crown_area_m2": 28.3, "cooling_score": 0.5, "known": false}, "geometry": {"type": "Point", "coordinates": [2.1674815, 41.3820103]}}, {"type": "Feature", "properties": {"kind": "existing", "species": "Quercus suber", "color": [115, 140, 107], "scientific": "Quercus suber", "common": "Quercus suber", "crown_diameter_m": 6.0, "height_m": 10.0, "leaf_cycle": "deciduous", "shade_density": "medium", "crown_area_m2": 28.3, "cooling_score": 0.5, "known": false}, "geometry": {"type": "Point", "coordinates": [2.1674306, 41.3820679]}}, {"type": "Feature", "properties": {"kind": "existing", "species": "Ligustrum japonicum", "color": [115, 140, 107], "scientific": "Ligustrum japonicum", "common": "Ligustrum japonicum", "crown_diameter_m": 6.0, "height_m": 10.0, "leaf_cycle": "deciduous", "shade_density": "medium", "crown_area_m2": 28.3, "cooling_score": 0.5, "known": false}, "geometry": {"type": "Point", "coordinates": [2.1659955, 41.3823743]}}, {"type": "Feature", "properties": {"kind": "existing", "species": "Quercus suber", "color": [115, 140, 107], "scientific": "Quercus suber", "common": "Quercus suber", "crown_diameter_m": 6.0, "height_m": 10.0, "leaf_cycle": "deciduous", "shade_density": "medium", "crown_area_m2": 28.3, "cooling_score": 0.5, "known": false}, "geometry": {"type": "Point", "coordinates": [2.1673327, 41.3820007]}}, {"type": "Feature", "properties": {"kind": "existing", "species": "Quercus suber", "color": [115, 140, 107], "scientific": "Quercus suber", "common": "Quercus suber", "crown_diameter_m": 6.0, "height_m": 10.0, "leaf_cycle": "deciduous", "shade_density": "medium", "crown_area_m2": 28.3, "cooling_score": 0.5, "known": false}, "geometry": {"type": "Point", "coordinates": [2.1672772, 41.3821057]}}, {"type": "Feature", "properties": {"kind": "existing", "species": "Quercus suber", "color": [115, 140, 107], "scientific": "Quercus suber", "common": "Quercus suber", "crown_diameter_m": 6.0, "height_m": 10.0, "leaf_cycle": "deciduous", "shade_density": "medium", "crown_area_m2": 28.3, "cooling_score": 0.5, "known": false}, "geometry": {"type": "Point", "coordinates": [2.1671672, 41.3820964]}}, {"type": "Feature", "properties": {"kind": "existing", "species": "Quercus suber", "color": [115, 140, 107], "scientific": "Quercus suber", "common": "Quercus suber", "crown_diameter_m": 6.0, "height_m": 10.0, "leaf_cycle": "deciduous", "shade_density": "medium", "crown_area_m2": 28.3, "cooling_score": 0.5, "known": false}, "geometry": {"type": "Point", "coordinates": [2.1678769, 41.3822423]}}, {"type": "Feature", "properties": {"kind": "existing", "species": "Quercus suber", "color": [115, 140, 107], "scientific": "Quercus suber", "common": "Quercus suber", "crown_diameter_m": 6.0, "height_m": 10.0, "leaf_cycle": "deciduous", "shade_density": "medium", "crown_area_m2": 28.3, "cooling_score": 0.5, "known": false}, "geometry": {"type": "Point", "coordinates": [2.1672169, 41.3819941]}}, {"type": "Feature", "properties": {"kind": "existing", "species": "Quercus suber", "color": [115, 140, 107], "scientific": "Quercus suber", "common": "Quercus suber", "crown_diameter_m": 6.0, "height_m": 10.0, "leaf_cycle": "deciduous", "shade_density": "medium", "crown_area_m2": 28.3, "cooling_score": 0.5, "known": false}, "geometry": {"type": "Point", "coordinates": [2.1673206, 41.38206]}}, {"type": "Feature", "properties": {"kind": "existing", "species": "Quercus suber", "color": [115, 140, 107], "scientific": "Quercus suber", "common": "Quercus suber", "crown_diameter_m": 6.0, "height_m": 10.0, "leaf_cycle": "deciduous", "shade_density": "medium", "crown_area_m2": 28.3, "cooling_score": 0.5, "known": false}, "geometry": {"type": "Point", "coordinates": [2.1672876, 41.3820593]}}, {"type": "Feature", "properties": {"kind": "existing", "species": "Quercus suber", "color": [115, 140, 107], "scientific": "Quercus suber", "common": "Quercus suber", "crown_diameter_m": 6.0, "height_m": 10.0, "leaf_cycle": "deciduous", "shade_density": "medium", "crown_area_m2": 28.3, "cooling_score": 0.5, "known": false}, "geometry": {"type": "Point", "coordinates": [2.1673796, 41.3820056]}}, {"type": "Feature", "properties": {"kind": "existing", "species": "Quercus suber", "color": [115, 140, 107], "scientific": "Quercus suber", "common": "Quercus suber", "crown_diameter_m": 6.0, "height_m": 10.0, "leaf_cycle": "deciduous", "shade_density": "medium", "crown_area_m2": 28.3, "cooling_score": 0.5, "known": false}, "geometry": {"type": "Point", "coordinates": [2.1672155, 41.3820496]}}, {"type": "Feature", "properties": {"kind": "existing", "species": "Brachychiton populneus", "color": [115, 140, 107], "scientific": "Brachychiton populneus", "common": "Kurrajong", "crown_diameter_m": 5.0, "height_m": 10.0, "leaf_cycle": "evergreen", "shade_density": "medium", "crown_area_m2": 19.6, "cooling_score": 0.1487, "known": true, "ecology": {"native_status": "exotic", "drought_heat_tolerance": 0.95, "biodiversity_value": 0.35, "pollinator_value": 0.45, "allergenicity": 0.3, "pest_disease_risk": 0.2, "longevity_years": 80, "growth_rate": "slow", "water_demand": "low", "maintenance_burden": "low", "carbon_sequestration": 0.55, "mycorrhizal_type": "AM", "invasive": false, "ecosystem_score": 0.4625, "notes": "Best drought tolerance + lowest input of the palette (water-storing trunk); safe low-allergen non-invasive choice."}}, "geometry": {"type": "Point", "coordinates": [2.1674253, 41.383428]}}, {"type": "Feature", "properties": {"kind": "existing", "species": "Quercus suber", "color": [115, 140, 107], "scientific": "Quercus suber", "common": "Quercus suber", "crown_diameter_m": 6.0, "height_m": 10.0, "leaf_cycle": "deciduous", "shade_density": "medium", "crown_area_m2": 28.3, "cooling_score": 0.5, "known": false}, "geometry": {"type": "Point", "coordinates": [2.1671819, 41.3820436]}}, {"type": "Feature", "properties": {"kind": "existing", "species": "Quercus suber", "color": [115, 140, 107], "scientific": "Quercus suber", "common": "Quercus suber", "crown_diameter_m": 6.0, "height_m": 10.0, "leaf_cycle": "deciduous", "shade_density": "medium", "crown_area_m2": 28.3, "cooling_score": 0.5, "known": false}, "geometry": {"type": "Point", "coordinates": [2.16783, 41.3822507]}}, {"type": "Feature", "properties": {"kind": "existing", "species": "Quercus suber", "color": [115, 140, 107], "scientific": "Quercus suber", "common": "Quercus suber", "crown_diameter_m": 6.0, "height_m": 10.0, "leaf_cycle": "deciduous", "shade_density": "medium", "crown_area_m2": 28.3, "cooling_score": 0.5, "known": false}, "geometry": {"type": "Point", "coordinates": [2.1678294, 41.3822884]}}, {"type": "Feature", "properties": {"kind": "existing", "species": "Platanus \u00d7 acerifolia", "color": [115, 140, 107], "scientific": "Platanus x acerifolia", "common": "London plane", "crown_diameter_m": 10.0, "height_m": 18.0, "leaf_cycle": "deciduous", "shade_density": "dense", "crown_area_m2": 78.5, "cooling_score": 1.0, "known": true, "ecology": {"native_status": "exotic (hybrid)", "drought_heat_tolerance": 0.75, "biodiversity_value": 0.35, "pollinator_value": 0.15, "allergenicity": 0.85, "pest_disease_risk": 0.85, "longevity_years": 115, "growth_rate": "fast", "water_demand": "medium", "maintenance_burden": "high", "carbon_sequestration": 0.9, "mycorrhizal_type": "AM", "invasive": false, "ecosystem_score": 0.1337, "notes": "Worst allergy+disease load of the palette (Corythucha ciliata + lethal Ceratocystis platani); Barcelona is phasing it down from ~30% toward ~12%."}}, "geometry": {"type": "Point", "coordinates": [2.1661186, 41.3834545]}}, {"type": "Feature", "properties": {"kind": "existing", "species": "Celtis australis", "color": [115, 140, 107], "scientific": "Celtis australis", "common": "European hackberry", "crown_diameter_m": 7.0, "height_m": 18.0, "leaf_cycle": "deciduous", "shade_density": "dense", "crown_area_m2": 38.5, "cooling_score": 0.49, "known": true, "ecology": {"native_status": "native Mediterranean", "drought_heat_tolerance": 0.85, "biodiversity_value": 0.6, "pollinator_value": 0.35, "allergenicity": 0.8, "pest_disease_risk": 0.3, "longevity_years": 115, "growth_rate": "medium", "water_demand": "low", "maintenance_burden": "low", "carbon_sequestration": 0.8, "mycorrhizal_type": "AM", "invasive": false, "ecosystem_score": 0.5112, "notes": "Mediterranean-native, drought-hardy, long-lived, low input \u2014 a lead climate-resilient recommendation for Barcelona."}}, "geometry": {"type": "Point", "coordinates": [2.166246, 41.3833004]}}, {"type": "Feature", "properties": {"kind": "existing", "species": "Celtis australis", "color": [115, 140, 107], "scientific": "Celtis australis", "common": "European hackberry", "crown_diameter_m": 7.0, "height_m": 18.0, "leaf_cycle": "deciduous", "shade_density": "dense", "crown_area_m2": 38.5, "cooling_score": 0.49, "known": true, "ecology": {"native_status": "native Mediterranean", "drought_heat_tolerance": 0.85, "biodiversity_value": 0.6, "pollinator_value": 0.35, "allergenicity": 0.8, "pest_disease_risk": 0.3, "longevity_years": 115, "growth_rate": "medium", "water_demand": "low", "maintenance_burden": "low", "carbon_sequestration": 0.8, "mycorrhizal_type": "AM", "invasive": false, "ecosystem_score": 0.5112, "notes": "Mediterranean-native, drought-hardy, long-lived, low input \u2014 a lead climate-resilient recommendation for Barcelona."}}, "geometry": {"type": "Point", "coordinates": [2.166229, 41.3833461]}}, {"type": "Feature", "properties": {"kind": "existing", "species": "Celtis australis", "color": [115, 140, 107], "scientific": "Celtis australis", "common": "European hackberry", "crown_diameter_m": 7.0, "height_m": 18.0, "leaf_cycle": "deciduous", "shade_density": "dense", "crown_area_m2": 38.5, "cooling_score": 0.49, "known": true, "ecology": {"native_status": "native Mediterranean", "drought_heat_tolerance": 0.85, "biodiversity_value": 0.6, "pollinator_value": 0.35, "allergenicity": 0.8, "pest_disease_risk": 0.3, "longevity_years": 115, "growth_rate": "medium", "water_demand": "low", "maintenance_burden": "low", "carbon_sequestration": 0.8, "mycorrhizal_type": "AM", "invasive": false, "ecosystem_score": 0.5112, "notes": "Mediterranean-native, drought-hardy, long-lived, low input \u2014 a lead climate-resilient recommendation for Barcelona."}}, "geometry": {"type": "Point", "coordinates": [2.1661028, 41.3832332]}}, {"type": "Feature", "properties": {"kind": "existing", "species": "Celtis australis", "color": [115, 140, 107], "scientific": "Celtis australis", "common": "European hackberry", "crown_diameter_m": 7.0, "height_m": 18.0, "leaf_cycle": "deciduous", "shade_density": "dense", "crown_area_m2": 38.5, "cooling_score": 0.49, "known": true, "ecology": {"native_status": "native Mediterranean", "drought_heat_tolerance": 0.85, "biodiversity_value": 0.6, "pollinator_value": 0.35, "allergenicity": 0.8, "pest_disease_risk": 0.3, "longevity_years": 115, "growth_rate": "medium", "water_demand": "low", "maintenance_burden": "low", "carbon_sequestration": 0.8, "mycorrhizal_type": "AM", "invasive": false, "ecosystem_score": 0.5112, "notes": "Mediterranean-native, drought-hardy, long-lived, low input \u2014 a lead climate-resilient recommendation for Barcelona."}}, "geometry": {"type": "Point", "coordinates": [2.1662751, 41.3833745]}}, {"type": "Feature", "properties": {"kind": "existing", "species": "Olea europaea", "color": [115, 140, 107], "scientific": "Olea europaea", "common": "Olea europaea", "crown_diameter_m": 6.0, "height_m": 10.0, "leaf_cycle": "deciduous", "shade_density": "medium", "crown_area_m2": 28.3, "cooling_score": 0.5, "known": false}, "geometry": {"type": "Point", "coordinates": [2.1660824, 41.3831714]}}, {"type": "Feature", "properties": {"kind": "existing", "species": "Tilia x europaea", "color": [115, 140, 107], "scientific": "Tilia x europaea", "common": "Tilia x europaea", "crown_diameter_m": 6.0, "height_m": 10.0, "leaf_cycle": "deciduous", "shade_density": "medium", "crown_area_m2": 28.3, "cooling_score": 0.5, "known": false}, "geometry": {"type": "Point", "coordinates": [2.1668898, 41.3834396]}}, {"type": "Feature", "properties": {"kind": "existing", "species": "Tilia x europaea", "color": [115, 140, 107], "scientific": "Tilia x europaea", "common": "Tilia x europaea", "crown_diameter_m": 6.0, "height_m": 10.0, "leaf_cycle": "deciduous", "shade_density": "medium", "crown_area_m2": 28.3, "cooling_score": 0.5, "known": false}, "geometry": {"type": "Point", "coordinates": [2.1668286, 41.3834083]}}]}